experiment_id,run_id,source_project,motion,method,checkpoint,config_label,seed,status,success,score,root_pos_error_mean,body_global_pos_error_mean,ee_global_pos_error_mean,global_sum,body_local_pos_error_mean,ee_local_pos_error_mean,local_sum,contact_mismatch_rate,control_delta_mean,joint_acc_mean,duration_sec,artifact_ref,notes,category,track_status,failure_labels,num_steps
2026-06-25-bench-data-three-way-metrics-wjs,2026-06-25-bench-data-three-way-metrics-wjs__locomotion_run_jog_sprint__amass_lafan_qingtong_amass_filtered_0_05_40k_segmented_2k_origin_interp10_npz_biomotionlab_ntroje_rub006_0024_scamper_poses_motion_seg2__motion__no_mpc_baseline,spider,locomotion_run_jog_sprint__amass_lafan_qingtong_amass_filtered_0_05_40k_segmented_2k_origin_interp10_npz_biomotionlab_ntroje_rub006_0024_scamper_poses_motion_seg2__motion,no_mpc_baseline,/data_team/junsong/model-based/wbc_results/assets/checkpoints/model_8000.pt,no_mpc_baseline,0,complete,false,-2.24198873565,0.128387600183,0.198902517557,0.231790155172,0.559080272913,0.046947285533,0.0739383026958,0.120885588229,0.114173226058,0.134526088834,51.8301467896,,artifacts.md#no_mpc_baseline,metrics_only_no_render;track_status=failed;failure_labels=root_orientation_drift,locomotion_run_jog_sprint,failed,root_orientation_drift,1397
2026-06-25-bench-data-three-way-metrics-wjs,2026-06-25-bench-data-three-way-metrics-wjs__locomotion_run_jog_sprint__amass_lafan_qingtong_amass_filtered_0_05_40k_segmented_2k_origin_interp10_npz_biomotionlab_ntroje_rub006_0024_scamper_poses_motion_seg2__motion__best_s128,spider,locomotion_run_jog_sprint__amass_lafan_qingtong_amass_filtered_0_05_40k_segmented_2k_origin_interp10_npz_biomotionlab_ntroje_rub006_0024_scamper_poses_motion_seg2__motion,best_s128,/data_team/junsong/model-based/wbc_results/assets/checkpoints/model_8000.pt,best_s128,0,complete,true,-1.73309026957,0.10834659636,0.128967002034,0.13723808527,0.374551683664,0.0470654554665,0.0709814727306,0.118046928197,0.12097351253,0.247769117355,91.7824325562,,artifacts.md#best_s128,metrics_only_no_render;track_status=tracked;failure_labels=stability_regression,locomotion_run_jog_sprint,tracked,stability_regression,1397
2026-06-25-bench-data-three-way-metrics-wjs,2026-06-25-bench-data-three-way-metrics-wjs__locomotion_run_jog_sprint__amass_lafan_qingtong_amass_filtered_0_05_40k_segmented_2k_origin_interp10_npz_biomotionlab_ntroje_rub006_0024_scamper_poses_motion_seg2__motion__sweetpoint,spider,locomotion_run_jog_sprint__amass_lafan_qingtong_amass_filtered_0_05_40k_segmented_2k_origin_interp10_npz_biomotionlab_ntroje_rub006_0024_scamper_poses_motion_seg2__motion,sweetpoint,/data_team/junsong/model-based/wbc_results/assets/checkpoints/model_8000.pt,sweetpoint,0,complete,true,-1.53320636153,0.10043463856,0.11270801723,0.118898704648,0.332041360438,0.0448272004724,0.0664777159691,0.111304916441,0.117036506534,0.204918220639,75.4987564087,,artifacts.md#sweetpoint,metrics_only_no_render;track_status=tracked;failure_labels=stability_regression,locomotion_run_jog_sprint,tracked,stability_regression,1397
2026-06-25-bench-data-three-way-metrics-wjs,2026-06-25-bench-data-three-way-metrics-wjs__jump_hop__sonic_filtered_220705__jump_002_a017__no_mpc_baseline,spider,jump_hop__sonic_filtered_220705__jump_002_a017,no_mpc_baseline,/data_team/junsong/model-based/wbc_results/assets/checkpoints/model_8000.pt,no_mpc_baseline,0,complete,true,-1.23615785018,0.137004315853,0.137275144458,0.13497979939,0.409259259701,0.0164023600519,0.0254911947995,0.0418935548514,0.0847938209772,0.127516329288,83.0886154175,,artifacts.md#no_mpc_baseline,metrics_only_no_render;track_status=tracked,jump_hop,tracked,,1940
2026-06-25-bench-data-three-way-metrics-wjs,2026-06-25-bench-data-three-way-metrics-wjs__jump_hop__sonic_filtered_220705__jump_002_a017__best_s128,spider,jump_hop__sonic_filtered_220705__jump_002_a017,best_s128,/data_team/junsong/model-based/wbc_results/assets/checkpoints/model_8000.pt,best_s128,0,complete,true,-0.981087890267,0.0744231566787,0.0787477195263,0.083486571908,0.236657448113,0.017770929262,0.0275125317276,0.0452834609896,0.093298971653,0.163189187646,91.8321533203,,artifacts.md#best_s128,metrics_only_no_render;track_status=tracked;failure_labels=stability_regression,jump_hop,tracked,stability_regression,1940
2026-06-25-bench-data-three-way-metrics-wjs,2026-06-25-bench-data-three-way-metrics-wjs__jump_hop__sonic_filtered_220705__jump_002_a017__sweetpoint,spider,jump_hop__sonic_filtered_220705__jump_002_a017,sweetpoint,/data_team/junsong/model-based/wbc_results/assets/checkpoints/model_8000.pt,sweetpoint,0,complete,true,-0.813339155912,0.0468349531293,0.0515799187124,0.0555909760296,0.154005847871,0.0167947467417,0.0260970368981,0.0428917836398,0.0871134027839,0.152789071202,92.0075759888,,artifacts.md#sweetpoint,metrics_only_no_render;track_status=tracked;failure_labels=stability_regression,jump_hop,tracked,stability_regression,1940
2026-06-25-bench-data-three-way-metrics-wjs,2026-06-25-bench-data-three-way-metrics-wjs__crawl_climb__sonic_filtered_230119__change_idle_crawl_to_idle_crawl_right_001_a125__no_mpc_baseline,spider,crawl_climb__sonic_filtered_230119__change_idle_crawl_to_idle_crawl_right_001_a125,no_mpc_baseline,/data_team/junsong/model-based/wbc_results/assets/checkpoints/model_8000.pt,no_mpc_baseline,0,complete,true,-0.795736940578,0.0162090491503,0.0397801250219,0.0522662587464,0.108255432919,0.0574847832322,0.0860438495874,0.14352863282,0.0275229346007,0.0607243366539,31.6943511963,,artifacts.md#no_mpc_baseline,metrics_only_no_render;track_status=tracked,crawl_climb,tracked,,218
2026-06-25-bench-data-three-way-metrics-wjs,2026-06-25-bench-data-three-way-metrics-wjs__crawl_climb__sonic_filtered_230119__change_idle_crawl_to_idle_crawl_right_001_a125__best_s128,spider,crawl_climb__sonic_filtered_230119__change_idle_crawl_to_idle_crawl_right_001_a125,best_s128,/data_team/junsong/model-based/wbc_results/assets/checkpoints/model_8000.pt,best_s128,0,complete,true,-0.809287678637,0.0252850856632,0.0397097356617,0.0485937595367,0.113588580862,0.0567124374211,0.0872787833214,0.143991220742,0.0275229346007,0.128559306264,55.0757217407,,artifacts.md#best_s128,metrics_only_no_render;track_status=tracked;failure_labels=baseline_regression|stability_regression,crawl_climb,tracked,baseline_regression|stability_regression,218
2026-06-25-bench-data-three-way-metrics-wjs,2026-06-25-bench-data-three-way-metrics-wjs__crawl_climb__sonic_filtered_230119__change_idle_crawl_to_idle_crawl_right_001_a125__sweetpoint,spider,crawl_climb__sonic_filtered_230119__change_idle_crawl_to_idle_crawl_right_001_a125,sweetpoint,/data_team/junsong/model-based/wbc_results/assets/checkpoints/model_8000.pt,sweetpoint,0,complete,true,-0.977022133581,0.028489196673,0.0545392818749,0.0637021139264,0.146730592474,0.0579158179462,0.0874127075076,0.145328525454,0.052752289921,0.139898747206,56.3600540161,,artifacts.md#sweetpoint,metrics_only_no_render;track_status=tracked;failure_labels=baseline_regression|stability_regression,crawl_climb,tracked,baseline_regression|stability_regression,218
2026-06-25-bench-data-three-way-metrics-wjs,2026-06-25-bench-data-three-way-metrics-wjs__turn_step_balance__sonic_filtered_220705__step_rotate_reaction_idle_0135_001_a017__no_mpc_baseline,spider,turn_step_balance__sonic_filtered_220705__step_rotate_reaction_idle_0135_001_a017,no_mpc_baseline,/data_team/junsong/model-based/wbc_results/assets/checkpoints/model_8000.pt,no_mpc_baseline,0,complete,true,-0.616778412275,0.0370298400521,0.0513373836875,0.0598377473652,0.148204971105,0.0179601106793,0.0305725615472,0.0485326722264,0.0225175358355,0.0414672009647,18.6310882568,,artifacts.md#no_mpc_baseline,metrics_only_no_render;track_status=tracked,turn_step_balance,tracked,,2709
2026-06-25-bench-data-three-way-metrics-wjs,2026-06-25-bench-data-three-way-metrics-wjs__turn_step_balance__sonic_filtered_220705__step_rotate_reaction_idle_0135_001_a017__best_s128,spider,turn_step_balance__sonic_filtered_220705__step_rotate_reaction_idle_0135_001_a017,best_s128,/data_team/junsong/model-based/wbc_results/assets/checkpoints/model_8000.pt,best_s128,0,complete,true,-0.541325088777,0.0308838170022,0.0397205390036,0.0462040193379,0.116808375344,0.0184483639896,0.0308302082121,0.0492785722017,0.0239940937608,0.0731100738049,26.6705951691,,artifacts.md#best_s128,metrics_only_no_render;track_status=tracked;failure_labels=stability_regression,turn_step_balance,tracked,stability_regression,2709
2026-06-25-bench-data-three-way-metrics-wjs,2026-06-25-bench-data-three-way-metrics-wjs__turn_step_balance__sonic_filtered_220705__step_rotate_reaction_idle_0135_001_a017__sweetpoint,spider,turn_step_balance__sonic_filtered_220705__step_rotate_reaction_idle_0135_001_a017,sweetpoint,/data_team/junsong/model-based/wbc_results/assets/checkpoints/model_8000.pt,sweetpoint,0,complete,true,-0.491344777495,0.0239249132574,0.0340217202902,0.0401653721929,0.0981120057404,0.0167068243027,0.0278403870761,0.0445472113788,0.0221483949572,0.0605970546603,23.5081996918,,artifacts.md#sweetpoint,metrics_only_no_render;track_status=tracked;failure_labels=stability_regression,turn_step_balance,tracked,stability_regression,2709
2026-06-25-bench-data-three-way-metrics-wjs,2026-06-25-bench-data-three-way-metrics-wjs__idle_pose_transition__amass_lafan_qingtong_amass_filtered_0_05_40k_segmented_2k_origin_interp10_npz_biomotionlab_ntroje_rub029_0031_rom_poses_motion_seg2__motion__no_mpc_baseline,spider,idle_pose_transition__amass_lafan_qingtong_amass_filtered_0_05_40k_segmented_2k_origin_interp10_npz_biomotionlab_ntroje_rub029_0031_rom_poses_motion_seg2__motion,no_mpc_baseline,/data_team/junsong/model-based/wbc_results/assets/checkpoints/model_8000.pt,no_mpc_baseline,0,complete,true,-1.29323577024,0.0676906704903,0.105799876153,0.115703783929,0.289194330573,0.0314744599164,0.0517481714487,0.0832226313651,0.0726182535291,0.104877702892,48.5520591736,,artifacts.md#no_mpc_baseline,metrics_only_no_render;track_status=borderline;failure_labels=borderline,idle_pose_transition,borderline,borderline,1501
2026-06-25-bench-data-three-way-metrics-wjs,2026-06-25-bench-data-three-way-metrics-wjs__idle_pose_transition__amass_lafan_qingtong_amass_filtered_0_05_40k_segmented_2k_origin_interp10_npz_biomotionlab_ntroje_rub029_0031_rom_poses_motion_seg2__motion__best_s128,spider,idle_pose_transition__amass_lafan_qingtong_amass_filtered_0_05_40k_segmented_2k_origin_interp10_npz_biomotionlab_ntroje_rub029_0031_rom_poses_motion_seg2__motion,best_s128,/data_team/junsong/model-based/wbc_results/assets/checkpoints/model_8000.pt,best_s128,0,complete,true,-0.963412968814,0.0648028627038,0.0693881288171,0.0693648979068,0.203555889428,0.0309384260327,0.049985229969,0.0809236560017,0.0662891417742,0.17729614675,71.2952041626,,artifacts.md#best_s128,metrics_only_no_render;track_status=tracked;failure_labels=stability_regression,idle_pose_transition,tracked,stability_regression,1501
2026-06-25-bench-data-three-way-metrics-wjs,2026-06-25-bench-data-three-way-metrics-wjs__idle_pose_transition__amass_lafan_qingtong_amass_filtered_0_05_40k_segmented_2k_origin_interp10_npz_biomotionlab_ntroje_rub029_0031_rom_poses_motion_seg2__motion__sweetpoint,spider,idle_pose_transition__amass_lafan_qingtong_amass_filtered_0_05_40k_segmented_2k_origin_interp10_npz_biomotionlab_ntroje_rub029_0031_rom_poses_motion_seg2__motion,sweetpoint,/data_team/junsong/model-based/wbc_results/assets/checkpoints/model_8000.pt,sweetpoint,0,complete,true,-0.913328626752,0.0525786951184,0.0615798309445,0.0631298199296,0.177288345993,0.0307537540793,0.0494263805449,0.0801801346242,0.0639573633671,0.163190618157,64.7627105713,,artifacts.md#sweetpoint,metrics_only_no_render;track_status=tracked;failure_labels=stability_regression,idle_pose_transition,tracked,stability_regression,1501
2026-06-25-bench-data-three-way-metrics-wjs,2026-06-25-bench-data-three-way-metrics-wjs__dance__sonic_filtered_230411__dance_basic_chaines_180_r_001_a306__no_mpc_baseline,spider,dance__sonic_filtered_230411__dance_basic_chaines_180_r_001_a306,no_mpc_baseline,/data_team/junsong/model-based/wbc_results/assets/checkpoints/model_8000.pt,no_mpc_baseline,0,complete,true,-3.13641077876,0.264703691006,0.271987557411,0.275503277779,0.812194526196,0.0437910184264,0.0688676461577,0.112658664584,0.299019604921,0.367097377777,218.496276855,,artifacts.md#no_mpc_baseline,metrics_only_no_render;track_status=failed;failure_labels=root_translation_drift|ee_global_tracking_failure,dance,failed,root_translation_drift|ee_global_tracking_failure,204
2026-06-25-bench-data-three-way-metrics-wjs,2026-06-25-bench-data-three-way-metrics-wjs__dance__sonic_filtered_230411__dance_basic_chaines_180_r_001_a306__best_s128,spider,dance__sonic_filtered_230411__dance_basic_chaines_180_r_001_a306,best_s128,/data_team/junsong/model-based/wbc_results/assets/checkpoints/model_8000.pt,best_s128,0,complete,true,-2.21825662181,0.0749790295959,0.085662715137,0.0974089503288,0.258050695062,0.0438667647541,0.0696721524,0.113538917154,0.281862765551,0.476882368326,239.952651978,,artifacts.md#best_s128,metrics_only_no_render;track_status=borderline;failure_labels=borderline|stability_regression,dance,borderline,borderline|stability_regression,204
2026-06-25-bench-data-three-way-metrics-wjs,2026-06-25-bench-data-three-way-metrics-wjs__dance__sonic_filtered_230411__dance_basic_chaines_180_r_001_a306__sweetpoint,spider,dance__sonic_filtered_230411__dance_basic_chaines_180_r_001_a306,sweetpoint,/data_team/junsong/model-based/wbc_results/assets/checkpoints/model_8000.pt,sweetpoint,0,complete,true,-2.04153228104,0.0471308976412,0.0602094754577,0.074544005096,0.181884378195,0.0411330610514,0.0649514198303,0.106084480882,0.279411762953,0.396150708199,213.324584961,,artifacts.md#sweetpoint,metrics_only_no_render;track_status=tracked;failure_labels=stability_regression,dance,tracked,stability_regression,204
2026-06-25-bench-data-three-way-metrics-wjs,2026-06-25-bench-data-three-way-metrics-wjs__dance__amass_lafan_qingtong_amass_filtered_0_05_40k_segmented_2k_origin_interp10_npz_dancedb_20120805_vasoaristeidou_vaso_aristeidou_zeimpekiko_v1_poses_motion_seg2__motion__no_mpc_baseline,spider,dance__amass_lafan_qingtong_amass_filtered_0_05_40k_segmented_2k_origin_interp10_npz_dancedb_20120805_vasoaristeidou_vaso_aristeidou_zeimpekiko_v1_poses_motion_seg2__motion,no_mpc_baseline,/data_team/junsong/model-based/wbc_results/assets/checkpoints/model_8000.pt,no_mpc_baseline,0,complete,false,-7.05918709785,0.900312066078,0.940172731876,0.983473300934,2.82395809889,0.0443083830178,0.0715583562851,0.115866739303,0.337566465139,0.336362689734,171.06072998,,artifacts.md#no_mpc_baseline,metrics_only_no_render;track_status=failed;failure_labels=root_translation_drift|root_orientation_drift|ee_global_tracking_failure,dance,failed,root_translation_drift|root_orientation_drift|ee_global_tracking_failure,1693
2026-06-25-bench-data-three-way-metrics-wjs,2026-06-25-bench-data-three-way-metrics-wjs__dance__amass_lafan_qingtong_amass_filtered_0_05_40k_segmented_2k_origin_interp10_npz_dancedb_20120805_vasoaristeidou_vaso_aristeidou_zeimpekiko_v1_poses_motion_seg2__motion__best_s128,spider,dance__amass_lafan_qingtong_amass_filtered_0_05_40k_segmented_2k_origin_interp10_npz_dancedb_20120805_vasoaristeidou_vaso_aristeidou_zeimpekiko_v1_poses_motion_seg2__motion,best_s128,/data_team/junsong/model-based/wbc_results/assets/checkpoints/model_8000.pt,best_s128,0,complete,true,-3.12967749536,0.238695666194,0.252089470625,0.262903630733,0.753688767552,0.0493288189173,0.0784041658044,0.127732984722,0.311281770468,0.494982272387,221.886611938,,artifacts.md#best_s128,metrics_only_no_render;track_status=failed;failure_labels=ee_global_tracking_failure|stability_regression,dance,failed,ee_global_tracking_failure|stability_regression,1693
2026-06-25-bench-data-three-way-metrics-wjs,2026-06-25-bench-data-three-way-metrics-wjs__dance__amass_lafan_qingtong_amass_filtered_0_05_40k_segmented_2k_origin_interp10_npz_dancedb_20120805_vasoaristeidou_vaso_aristeidou_zeimpekiko_v1_poses_motion_seg2__motion__sweetpoint,spider,dance__amass_lafan_qingtong_amass_filtered_0_05_40k_segmented_2k_origin_interp10_npz_dancedb_20120805_vasoaristeidou_vaso_aristeidou_zeimpekiko_v1_poses_motion_seg2__motion,sweetpoint,/data_team/junsong/model-based/wbc_results/assets/checkpoints/model_8000.pt,sweetpoint,0,complete,true,-2.83397173285,0.194375440478,0.207185551524,0.21939958632,0.620960578322,0.0459524765611,0.0731519535184,0.119104430079,0.296515077353,0.435330301523,197.09954834,,artifacts.md#sweetpoint,metrics_only_no_render;track_status=borderline;failure_labels=borderline|stability_regression,dance,borderline,borderline|stability_regression,1693
2026-06-25-bench-data-three-way-metrics-wjs,2026-06-25-bench-data-three-way-metrics-wjs__exercise_stretch_warmup__sonic_filtered_220720__body_stretch_1_001_a029__no_mpc_baseline,spider,exercise_stretch_warmup__sonic_filtered_220720__body_stretch_1_001_a029,no_mpc_baseline,/data_team/junsong/model-based/wbc_results/assets/checkpoints/model_8000.pt,no_mpc_baseline,0,complete,true,-0.768989525549,0.0931338742375,0.0824583470821,0.0701579451561,0.245750166476,0.0364231988788,0.057688832283,0.0941120311618,0.0153664303944,0.0569541715086,23.8522548676,,artifacts.md#no_mpc_baseline,metrics_only_no_render;track_status=tracked,exercise_stretch_warmup,tracked,,846
2026-06-25-bench-data-three-way-metrics-wjs,2026-06-25-bench-data-three-way-metrics-wjs__exercise_stretch_warmup__sonic_filtered_220720__body_stretch_1_001_a029__best_s128,spider,exercise_stretch_warmup__sonic_filtered_220720__body_stretch_1_001_a029,best_s128,/data_team/junsong/model-based/wbc_results/assets/checkpoints/model_8000.pt,best_s128,0,complete,true,-0.605111090839,0.0546094030142,0.0497600436211,0.0429518297315,0.147321276367,0.0359817147255,0.056004460901,0.0919861756265,0.0124113475904,0.0833315476775,32.0083885193,,artifacts.md#best_s128,metrics_only_no_render;track_status=tracked;failure_labels=stability_regression,exercise_stretch_warmup,tracked,stability_regression,846
2026-06-25-bench-data-three-way-metrics-wjs,2026-06-25-bench-data-three-way-metrics-wjs__exercise_stretch_warmup__sonic_filtered_220720__body_stretch_1_001_a029__sweetpoint,spider,exercise_stretch_warmup__sonic_filtered_220720__body_stretch_1_001_a029,sweetpoint,/data_team/junsong/model-based/wbc_results/assets/checkpoints/model_8000.pt,sweetpoint,0,complete,true,-0.581620100141,0.0454097539186,0.0429668948054,0.0409429445863,0.12931959331,0.0352629125118,0.0549762733281,0.0902391858399,0.010047281161,0.0746232494712,28.5389099121,,artifacts.md#sweetpoint,metrics_only_no_render;track_status=tracked;failure_labels=stability_regression,exercise_stretch_warmup,tracked,stability_regression,846
2026-06-25-bench-data-three-way-metrics-wjs,2026-06-25-bench-data-three-way-metrics-wjs__gesture_emotion_social__sonic_filtered_230103__alone_006_a097__no_mpc_baseline,spider,gesture_emotion_social__sonic_filtered_230103__alone_006_a097,no_mpc_baseline,/data_team/junsong/model-based/wbc_results/assets/checkpoints/model_8000.pt,no_mpc_baseline,0,complete,true,-0.502520479821,0.0452088303864,0.0439310260117,0.0392354764044,0.128375332803,0.0380891747773,0.0604879111052,0.0985770858824,0,0.0359140448272,15.0771799088,,artifacts.md#no_mpc_baseline,metrics_only_no_render;track_status=tracked,gesture_emotion_social,tracked,,307
2026-06-25-bench-data-three-way-metrics-wjs,2026-06-25-bench-data-three-way-metrics-wjs__gesture_emotion_social__sonic_filtered_230103__alone_006_a097__best_s128,spider,gesture_emotion_social__sonic_filtered_230103__alone_006_a097,best_s128,/data_team/junsong/model-based/wbc_results/assets/checkpoints/model_8000.pt,best_s128,0,complete,true,-0.481358219869,0.0417002812028,0.0408707372844,0.0359554514289,0.118526469916,0.0375234819949,0.058879237622,0.0964027196169,0,0.0559585727751,20.4725093842,,artifacts.md#best_s128,metrics_only_no_render;track_status=tracked;failure_labels=stability_regression,gesture_emotion_social,tracked,stability_regression,307
2026-06-25-bench-data-three-way-metrics-wjs,2026-06-25-bench-data-three-way-metrics-wjs__gesture_emotion_social__sonic_filtered_230103__alone_006_a097__sweetpoint,spider,gesture_emotion_social__sonic_filtered_230103__alone_006_a097,sweetpoint,/data_team/junsong/model-based/wbc_results/assets/checkpoints/model_8000.pt,sweetpoint,0,complete,true,-0.493158314563,0.0441553555429,0.0424613021314,0.0374518744648,0.124068532139,0.0378498584032,0.0600424706936,0.0978923290968,0,0.04730996117,18.3396987915,,artifacts.md#sweetpoint,metrics_only_no_render;track_status=tracked;failure_labels=stability_regression,gesture_emotion_social,tracked,stability_regression,307
2026-06-25-bench-data-three-way-metrics-wjs,2026-06-25-bench-data-three-way-metrics-wjs__gesture_emotion_social__amass_lafan_qingtong_amass_filtered_0_05_40k_segmented_2k_origin_interp10_npz_accad_female1gestures_c3d_d3_conversation_gestures_poses_motion_seg2__motion__no_mpc_baseline,spider,gesture_emotion_social__amass_lafan_qingtong_amass_filtered_0_05_40k_segmented_2k_origin_interp10_npz_accad_female1gestures_c3d_d3_conversation_gestures_poses_motion_seg2__motion,no_mpc_baseline,/data_team/junsong/model-based/wbc_results/assets/checkpoints/model_8000.pt,no_mpc_baseline,0,complete,true,-0.555940569378,0.0547661222517,0.053555637598,0.0470561385155,0.155377898365,0.0198244396597,0.0307074878365,0.0505319274962,0.0149700604379,0.0626777112484,27.1759281158,,artifacts.md#no_mpc_baseline,metrics_only_no_render;track_status=tracked,gesture_emotion_social,tracked,,1336
2026-06-25-bench-data-three-way-metrics-wjs,2026-06-25-bench-data-three-way-metrics-wjs__gesture_emotion_social__amass_lafan_qingtong_amass_filtered_0_05_40k_segmented_2k_origin_interp10_npz_accad_female1gestures_c3d_d3_conversation_gestures_poses_motion_seg2__motion__best_s128,spider,gesture_emotion_social__amass_lafan_qingtong_amass_filtered_0_05_40k_segmented_2k_origin_interp10_npz_accad_female1gestures_c3d_d3_conversation_gestures_poses_motion_seg2__motion,best_s128,/data_team/junsong/model-based/wbc_results/assets/checkpoints/model_8000.pt,best_s128,0,complete,true,-0.487984698638,0.0468367747962,0.045046441257,0.0394401401281,0.131323356181,0.0197969414294,0.0302885416895,0.0500854831189,0.00935628823936,0.0865539982915,34.6575775146,,artifacts.md#best_s128,metrics_only_no_render;track_status=tracked;failure_labels=stability_regression,gesture_emotion_social,tracked,stability_regression,1336
2026-06-25-bench-data-three-way-metrics-wjs,2026-06-25-bench-data-three-way-metrics-wjs__gesture_emotion_social__amass_lafan_qingtong_amass_filtered_0_05_40k_segmented_2k_origin_interp10_npz_accad_female1gestures_c3d_d3_conversation_gestures_poses_motion_seg2__motion__sweetpoint,spider,gesture_emotion_social__amass_lafan_qingtong_amass_filtered_0_05_40k_segmented_2k_origin_interp10_npz_accad_female1gestures_c3d_d3_conversation_gestures_poses_motion_seg2__motion,sweetpoint,/data_team/junsong/model-based/wbc_results/assets/checkpoints/model_8000.pt,sweetpoint,0,complete,true,-0.500709198788,0.048538159579,0.0452783703804,0.0388729199767,0.132689449936,0.0197771750391,0.0303258523345,0.0501030273736,0.0101047903299,0.0902787670493,35.240650177,,artifacts.md#sweetpoint,metrics_only_no_render;track_status=tracked;failure_labels=stability_regression,gesture_emotion_social,tracked,stability_regression,1336
2026-06-25-bench-data-three-way-metrics-wjs,2026-06-25-bench-data-three-way-metrics-wjs__self_touch_discomfort__sonic_filtered_221010__chefs_kiss_r_001_a045__no_mpc_baseline,spider,self_touch_discomfort__sonic_filtered_221010__chefs_kiss_r_001_a045,no_mpc_baseline,/data_team/junsong/model-based/wbc_results/assets/checkpoints/model_8000.pt,no_mpc_baseline,0,complete,true,-0.397424781322,0.0546566210687,0.0505993179977,0.0402598790824,0.145515818149,0.0223029367626,0.0363292619586,0.0586321987212,0,0.0895685628057,39.150806427,,artifacts.md#no_mpc_baseline,metrics_only_no_render;track_status=tracked,self_touch_discomfort,tracked,,128
2026-06-25-bench-data-three-way-metrics-wjs,2026-06-25-bench-data-three-way-metrics-wjs__self_touch_discomfort__sonic_filtered_221010__chefs_kiss_r_001_a045__best_s128,spider,self_touch_discomfort__sonic_filtered_221010__chefs_kiss_r_001_a045,best_s128,/data_team/junsong/model-based/wbc_results/assets/checkpoints/model_8000.pt,best_s128,0,complete,true,-0.402228105813,0.0547468364239,0.0510134212673,0.0406787730753,0.146439030766,0.0221539586782,0.036365929991,0.0585198886693,0,0.0979004055262,40.708152771,,artifacts.md#best_s128,metrics_only_no_render;track_status=tracked;failure_labels=baseline_regression|stability_regression,self_touch_discomfort,tracked,baseline_regression|stability_regression,128
2026-06-25-bench-data-three-way-metrics-wjs,2026-06-25-bench-data-three-way-metrics-wjs__self_touch_discomfort__sonic_filtered_221010__chefs_kiss_r_001_a045__sweetpoint,spider,self_touch_discomfort__sonic_filtered_221010__chefs_kiss_r_001_a045,sweetpoint,/data_team/junsong/model-based/wbc_results/assets/checkpoints/model_8000.pt,sweetpoint,0,complete,true,-0.383424297348,0.0516813769937,0.0478372126818,0.0380047149956,0.137523304671,0.0221337638795,0.0359103009105,0.05804406479,0,0.0954242497683,39.5793228149,,artifacts.md#sweetpoint,metrics_only_no_render;track_status=tracked;failure_labels=stability_regression,self_touch_discomfort,tracked,stability_regression,128
2026-06-25-bench-data-three-way-metrics-wjs,2026-06-25-bench-data-three-way-metrics-wjs__object_interaction_daily__sonic_filtered_231005__avoid_bump_push_r_003_a460__no_mpc_baseline,spider,object_interaction_daily__sonic_filtered_231005__avoid_bump_push_r_003_a460,no_mpc_baseline,/data_team/junsong/model-based/wbc_results/assets/checkpoints/model_8000.pt,no_mpc_baseline,0,complete,true,-1.02733479962,0.0919423475862,0.0905244126916,0.0839069783688,0.266373738647,0.0238900743425,0.0386997796595,0.062589854002,0.0903614461422,0.153474166989,91.6937026978,,artifacts.md#no_mpc_baseline,metrics_only_no_render;track_status=tracked,object_interaction_daily,tracked,,581
2026-06-25-bench-data-three-way-metrics-wjs,2026-06-25-bench-data-three-way-metrics-wjs__object_interaction_daily__sonic_filtered_231005__avoid_bump_push_r_003_a460__best_s128,spider,object_interaction_daily__sonic_filtered_231005__avoid_bump_push_r_003_a460,best_s128,/data_team/junsong/model-based/wbc_results/assets/checkpoints/model_8000.pt,best_s128,0,complete,true,-0.807187104598,0.0486974529922,0.0494455397129,0.0483882986009,0.146531291306,0.0226392988116,0.0360077433288,0.0586470421404,0.0765920802951,0.174976959825,96.5851287842,,artifacts.md#best_s128,metrics_only_no_render;track_status=tracked;failure_labels=stability_regression,object_interaction_daily,tracked,stability_regression,581
2026-06-25-bench-data-three-way-metrics-wjs,2026-06-25-bench-data-three-way-metrics-wjs__object_interaction_daily__sonic_filtered_231005__avoid_bump_push_r_003_a460__sweetpoint,spider,object_interaction_daily__sonic_filtered_231005__avoid_bump_push_r_003_a460,sweetpoint,/data_team/junsong/model-based/wbc_results/assets/checkpoints/model_8000.pt,sweetpoint,0,complete,true,-0.746734759584,0.0303177125752,0.0388522073627,0.0456889681518,0.11485888809,0.0236705057323,0.0381624810398,0.0618329867721,0.0714285671711,0.174079477787,94.2556533813,,artifacts.md#sweetpoint,metrics_only_no_render;track_status=tracked;failure_labels=stability_regression,object_interaction_daily,tracked,stability_regression,581
2026-06-25-bench-data-three-way-metrics-wjs,2026-06-25-bench-data-three-way-metrics-wjs__tool_work_operation__sonic_filtered_230427__axe_cutting_tree_horizontal_r_004_a355__no_mpc_baseline,spider,tool_work_operation__sonic_filtered_230427__axe_cutting_tree_horizontal_r_004_a355,no_mpc_baseline,/data_team/junsong/model-based/wbc_results/assets/checkpoints/model_8000.pt,no_mpc_baseline,0,complete,true,-0.808287319541,0.082969121635,0.0825870409608,0.078274384141,0.243830546737,0.0269462335855,0.0436547361314,0.0706009697169,0.037790697068,0.131336465478,55.5048904419,,artifacts.md#no_mpc_baseline,metrics_only_no_render;track_status=tracked,tool_work_operation,tracked,,516
2026-06-25-bench-data-three-way-metrics-wjs,2026-06-25-bench-data-three-way-metrics-wjs__tool_work_operation__sonic_filtered_230427__axe_cutting_tree_horizontal_r_004_a355__best_s128,spider,tool_work_operation__sonic_filtered_230427__axe_cutting_tree_horizontal_r_004_a355,best_s128,/data_team/junsong/model-based/wbc_results/assets/checkpoints/model_8000.pt,best_s128,0,complete,true,-0.659236462414,0.0403578430414,0.046879325062,0.052436362952,0.139673531055,0.0262243114412,0.0416210256517,0.0678453370929,0.037790697068,0.163606584072,64.7891082764,,artifacts.md#best_s128,metrics_only_no_render;track_status=tracked;failure_labels=stability_regression,tool_work_operation,tracked,stability_regression,516
2026-06-25-bench-data-three-way-metrics-wjs,2026-06-25-bench-data-three-way-metrics-wjs__tool_work_operation__sonic_filtered_230427__axe_cutting_tree_horizontal_r_004_a355__sweetpoint,spider,tool_work_operation__sonic_filtered_230427__axe_cutting_tree_horizontal_r_004_a355,sweetpoint,/data_team/junsong/model-based/wbc_results/assets/checkpoints/model_8000.pt,sweetpoint,0,complete,true,-0.739874985814,0.0656649768353,0.0697159990668,0.0718018487096,0.207182824612,0.0259679127485,0.0411559231579,0.0671238359064,0.0329457372427,0.151300445199,59.5220108032,,artifacts.md#sweetpoint,metrics_only_no_render;track_status=tracked;failure_labels=stability_regression,tool_work_operation,tracked,stability_regression,516
2026-06-25-bench-data-three-way-metrics-wjs,2026-06-25-bench-data-three-way-metrics-wjs__tool_work_operation__amass_lafan_qingtong_amass_filtered_0_05_40k_segmented_2k_origin_interp10_npz_kit_1347_experiment3_subject1347_wash_leg_position_smallcircles_02_poses_motion_seg2__motion__no_mpc_baseline,spider,tool_work_operation__amass_lafan_qingtong_amass_filtered_0_05_40k_segmented_2k_origin_interp10_npz_kit_1347_experiment3_subject1347_wash_leg_position_smallcircles_02_poses_motion_seg2__motion,no_mpc_baseline,/data_team/junsong/model-based/wbc_results/assets/checkpoints/model_8000.pt,no_mpc_baseline,0,complete,true,-1.61351765022,0.237058058381,0.246284633875,0.262786954641,0.746129646897,0.0274496059865,0.0410718619823,0.0685214679688,0.0329008325934,0.0436334833503,17.8810043335,,artifacts.md#no_mpc_baseline,metrics_only_no_render;track_status=failed;failure_labels=ee_global_tracking_failure,tool_work_operation,failed,ee_global_tracking_failure,1079
2026-06-25-bench-data-three-way-metrics-wjs,2026-06-25-bench-data-three-way-metrics-wjs__tool_work_operation__amass_lafan_qingtong_amass_filtered_0_05_40k_segmented_2k_origin_interp10_npz_kit_1347_experiment3_subject1347_wash_leg_position_smallcircles_02_poses_motion_seg2__motion__best_s128,spider,tool_work_operation__amass_lafan_qingtong_amass_filtered_0_05_40k_segmented_2k_origin_interp10_npz_kit_1347_experiment3_subject1347_wash_leg_position_smallcircles_02_poses_motion_seg2__motion,best_s128,/data_team/junsong/model-based/wbc_results/assets/checkpoints/model_8000.pt,best_s128,0,complete,true,-1.05682259947,0.102475173771,0.113944068551,0.131122693419,0.347541935742,0.027981935069,0.041960414499,0.069942349568,0.0435588508844,0.085306160152,31.0045471191,,artifacts.md#best_s128,metrics_only_no_render;track_status=tracked;failure_labels=stability_regression,tool_work_operation,tracked,stability_regression,1079
2026-06-25-bench-data-three-way-metrics-wjs,2026-06-25-bench-data-three-way-metrics-wjs__tool_work_operation__amass_lafan_qingtong_amass_filtered_0_05_40k_segmented_2k_origin_interp10_npz_kit_1347_experiment3_subject1347_wash_leg_position_smallcircles_02_poses_motion_seg2__motion__sweetpoint,spider,tool_work_operation__amass_lafan_qingtong_amass_filtered_0_05_40k_segmented_2k_origin_interp10_npz_kit_1347_experiment3_subject1347_wash_leg_position_smallcircles_02_poses_motion_seg2__motion,sweetpoint,/data_team/junsong/model-based/wbc_results/assets/checkpoints/model_8000.pt,sweetpoint,0,complete,true,-0.87812208496,0.0645772442222,0.080997928977,0.0994330048561,0.245008178055,0.0262715276331,0.0409677401185,0.0672392677516,0.0315106585622,0.0817838534713,28.5443687439,,artifacts.md#sweetpoint,metrics_only_no_render;track_status=tracked;failure_labels=stability_regression,tool_work_operation,tracked,stability_regression,1079
2026-06-25-bench-data-three-way-metrics-wjs,2026-06-25-bench-data-three-way-metrics-wjs__combat_defense_threat__sonic_filtered_211117__relaxed_kick_trash_001_a057__no_mpc_baseline,spider,combat_defense_threat__sonic_filtered_211117__relaxed_kick_trash_001_a057,no_mpc_baseline,/data_team/junsong/model-based/wbc_results/assets/checkpoints/model_8000.pt,no_mpc_baseline,0,complete,true,-3.57768070698,0.517626047134,0.519467532635,0.516816318035,1.5539098978,0.0320364460349,0.0541264154017,0.0861628614366,0.183495149016,0.201754420996,109.533317566,,artifacts.md#no_mpc_baseline,metrics_only_no_render;track_status=failed;failure_labels=root_translation_drift|ee_global_tracking_failure,combat_defense_threat,failed,root_translation_drift|ee_global_tracking_failure,515
2026-06-25-bench-data-three-way-metrics-wjs,2026-06-25-bench-data-three-way-metrics-wjs__combat_defense_threat__sonic_filtered_211117__relaxed_kick_trash_001_a057__best_s128,spider,combat_defense_threat__sonic_filtered_211117__relaxed_kick_trash_001_a057,best_s128,/data_team/junsong/model-based/wbc_results/assets/checkpoints/model_8000.pt,best_s128,0,complete,true,-1.35972565562,0.0669426172972,0.0753379315138,0.0794114544988,0.22169200331,0.0323472358286,0.0514069423079,0.0837541781366,0.150485441089,0.281224578619,131.427307129,,artifacts.md#best_s128,metrics_only_no_render;track_status=tracked;failure_labels=stability_regression,combat_defense_threat,tracked,stability_regression,515
2026-06-25-bench-data-three-way-metrics-wjs,2026-06-25-bench-data-three-way-metrics-wjs__combat_defense_threat__sonic_filtered_211117__relaxed_kick_trash_001_a057__sweetpoint,spider,combat_defense_threat__sonic_filtered_211117__relaxed_kick_trash_001_a057,sweetpoint,/data_team/junsong/model-based/wbc_results/assets/checkpoints/model_8000.pt,sweetpoint,0,complete,true,-1.27168988809,0.0410463511944,0.0483464859426,0.0534817129374,0.142874550074,0.030921895057,0.0496851317585,0.0806070268154,0.161165058613,0.218088552356,110.556175232,,artifacts.md#sweetpoint,metrics_only_no_render;track_status=tracked;failure_labels=stability_regression,combat_defense_threat,tracked,stability_regression,515
2026-06-25-bench-data-three-way-metrics-wjs,2026-06-25-bench-data-three-way-metrics-wjs__combat_defense_threat__amass_lafan_qingtong_lafan_qingtong__fight1_subject3_612_680__no_mpc_baseline,spider,combat_defense_threat__amass_lafan_qingtong_lafan_qingtong__fight1_subject3_612_680,no_mpc_baseline,/data_team/junsong/model-based/wbc_results/assets/checkpoints/model_8000.pt,no_mpc_baseline,0,complete,true,-4.58486963511,0.641816139221,0.640088617802,0.635960876942,1.91786563396,0.0367984473705,0.0620461218059,0.0988445691764,0.275147944689,0.354014724493,175.595169067,,artifacts.md#no_mpc_baseline,metrics_only_no_render;track_status=failed;failure_labels=root_translation_drift|ee_global_tracking_failure,combat_defense_threat,failed,root_translation_drift|ee_global_tracking_failure,169
2026-06-25-bench-data-three-way-metrics-wjs,2026-06-25-bench-data-three-way-metrics-wjs__combat_defense_threat__amass_lafan_qingtong_lafan_qingtong__fight1_subject3_612_680__best_s128,spider,combat_defense_threat__amass_lafan_qingtong_lafan_qingtong__fight1_subject3_612_680,best_s128,/data_team/junsong/model-based/wbc_results/assets/checkpoints/model_8000.pt,best_s128,0,complete,true,-2.99263891876,0.237895339727,0.244676575065,0.254759848118,0.73733176291,0.0456003509462,0.0737450420856,0.119345393032,0.295857995749,0.510626494884,252.445785522,,artifacts.md#best_s128,metrics_only_no_render;track_status=failed;failure_labels=ee_global_tracking_failure|stability_regression,combat_defense_threat,failed,ee_global_tracking_failure|stability_regression,169
2026-06-25-bench-data-three-way-metrics-wjs,2026-06-25-bench-data-three-way-metrics-wjs__combat_defense_threat__amass_lafan_qingtong_lafan_qingtong__fight1_subject3_612_680__sweetpoint,spider,combat_defense_threat__amass_lafan_qingtong_lafan_qingtong__fight1_subject3_612_680,sweetpoint,/data_team/junsong/model-based/wbc_results/assets/checkpoints/model_8000.pt,sweetpoint,0,complete,true,-2.42635664344,0.132916077971,0.138618931174,0.14789916575,0.419434174895,0.0385530255735,0.0618737004697,0.100426726043,0.292899399996,0.465171188116,233.820541382,,artifacts.md#sweetpoint,metrics_only_no_render;track_status=borderline;failure_labels=borderline|stability_regression,combat_defense_threat,borderline,borderline|stability_regression,169
2026-06-25-bench-data-three-way-metrics-wjs,2026-06-25-bench-data-three-way-metrics-wjs__sports_play__sonic_filtered_240327__play_tennis_r_002_a533__no_mpc_baseline,spider,sports_play__sonic_filtered_240327__play_tennis_r_002_a533,no_mpc_baseline,/data_team/junsong/model-based/wbc_results/assets/checkpoints/model_8000.pt,no_mpc_baseline,0,complete,true,-4.20961771607,0.653450548649,0.656817853451,0.645218014717,1.95548641682,0.0446220524609,0.0716618448496,0.11628389731,0.171561047435,0.275661438704,150.751922607,,artifacts.md#no_mpc_baseline,metrics_only_no_render;track_status=failed;failure_labels=root_translation_drift|ee_global_tracking_failure,sports_play,failed,root_translation_drift|ee_global_tracking_failure,647
2026-06-25-bench-data-three-way-metrics-wjs,2026-06-25-bench-data-three-way-metrics-wjs__sports_play__sonic_filtered_240327__play_tennis_r_002_a533__best_s128,spider,sports_play__sonic_filtered_240327__play_tennis_r_002_a533,best_s128,/data_team/junsong/model-based/wbc_results/assets/checkpoints/model_8000.pt,best_s128,0,complete,true,-2.15018051118,0.131129562855,0.141499102116,0.154693573713,0.427322238684,0.0481978207827,0.0740794762969,0.12227729708,0.207109734416,0.398177653551,183.708694458,,artifacts.md#best_s128,metrics_only_no_render;track_status=tracked;failure_labels=stability_regression,sports_play,tracked,stability_regression,647
2026-06-25-bench-data-three-way-metrics-wjs,2026-06-25-bench-data-three-way-metrics-wjs__sports_play__sonic_filtered_240327__play_tennis_r_002_a533__sweetpoint,spider,sports_play__sonic_filtered_240327__play_tennis_r_002_a533,sweetpoint,/data_team/junsong/model-based/wbc_results/assets/checkpoints/model_8000.pt,sweetpoint,0,complete,true,-1.77015949711,0.0920928195119,0.100470893085,0.113561026752,0.306124739349,0.0461355261505,0.0729290395975,0.119064565748,0.171561047435,0.357797801495,172.341156006,,artifacts.md#sweetpoint,metrics_only_no_render;track_status=tracked;failure_labels=stability_regression,sports_play,tracked,stability_regression,647
2026-06-25-bench-data-three-way-metrics-wjs,2026-06-25-bench-data-three-way-metrics-wjs__music_performance__sonic_filtered_231004__catch_playing_r_003_a456__no_mpc_baseline,spider,music_performance__sonic_filtered_231004__catch_playing_r_003_a456,no_mpc_baseline,/data_team/junsong/model-based/wbc_results/assets/checkpoints/model_8000.pt,no_mpc_baseline,0,complete,true,-0.418678701669,0.0539113990963,0.0490312464535,0.0392751023173,0.142217747867,0.022164568305,0.0376221165061,0.0597866848111,0,0.116709001362,57.6742210388,,artifacts.md#no_mpc_baseline,metrics_only_no_render;track_status=tracked,music_performance,tracked,,900
2026-06-25-bench-data-three-way-metrics-wjs,2026-06-25-bench-data-three-way-metrics-wjs__music_performance__sonic_filtered_231004__catch_playing_r_003_a456__best_s128,spider,music_performance__sonic_filtered_231004__catch_playing_r_003_a456,best_s128,/data_team/junsong/model-based/wbc_results/assets/checkpoints/model_8000.pt,best_s128,0,complete,true,-0.415554131567,0.0509623289108,0.047075625509,0.0379622615874,0.136000216007,0.0220439638942,0.0367358215153,0.0587797854096,0,0.135658219457,62.0131187439,,artifacts.md#best_s128,metrics_only_no_render;track_status=tracked;failure_labels=stability_regression,music_performance,tracked,stability_regression,900
2026-06-25-bench-data-three-way-metrics-wjs,2026-06-25-bench-data-three-way-metrics-wjs__music_performance__sonic_filtered_231004__catch_playing_r_003_a456__sweetpoint,spider,music_performance__sonic_filtered_231004__catch_playing_r_003_a456,sweetpoint,/data_team/junsong/model-based/wbc_results/assets/checkpoints/model_8000.pt,sweetpoint,0,complete,true,-0.396593660861,0.0504330173135,0.0457418560982,0.0363508947194,0.132525768131,0.0213235709816,0.035625576973,0.0569491479546,0,0.129428893328,60.8029785156,,artifacts.md#sweetpoint,metrics_only_no_render;track_status=tracked;failure_labels=stability_regression,music_performance,tracked,stability_regression,900
2026-06-25-bench-data-three-way-metrics-wjs,2026-06-25-bench-data-three-way-metrics-wjs__vehicle_riding__sonic_filtered_230509__ab_bicycle_001_a359__no_mpc_baseline,spider,vehicle_riding__sonic_filtered_230509__ab_bicycle_001_a359,no_mpc_baseline,/data_team/junsong/model-based/wbc_results/assets/checkpoints/model_8000.pt,no_mpc_baseline,0,complete,true,-0.932212087885,0.0240099802613,0.0492626167834,0.0624317191541,0.135704316199,0.0504378192127,0.0687642246485,0.119202043861,0.033737026155,0.0686767250299,28.2965602875,,artifacts.md#no_mpc_baseline,metrics_only_no_render;track_status=tracked,vehicle_riding,tracked,,578
2026-06-25-bench-data-three-way-metrics-wjs,2026-06-25-bench-data-three-way-metrics-wjs__vehicle_riding__sonic_filtered_230509__ab_bicycle_001_a359__best_s128,spider,vehicle_riding__sonic_filtered_230509__ab_bicycle_001_a359,best_s128,/data_team/junsong/model-based/wbc_results/assets/checkpoints/model_8000.pt,best_s128,0,complete,true,-0.938898511976,0.0211208052933,0.0460416525602,0.059852425009,0.127014882863,0.0467659682035,0.0622199736536,0.108985941857,0.04498270154,0.11398357898,40.3912124634,,artifacts.md#best_s128,metrics_only_no_render;track_status=tracked;failure_labels=baseline_regression|stability_regression,vehicle_riding,tracked,baseline_regression|stability_regression,578
2026-06-25-bench-data-three-way-metrics-wjs,2026-06-25-bench-data-three-way-metrics-wjs__vehicle_riding__sonic_filtered_230509__ab_bicycle_001_a359__sweetpoint,spider,vehicle_riding__sonic_filtered_230509__ab_bicycle_001_a359,sweetpoint,/data_team/junsong/model-based/wbc_results/assets/checkpoints/model_8000.pt,sweetpoint,0,complete,true,-0.878834353946,0.0215249899775,0.0450476408005,0.0581915304065,0.124764161184,0.0460800752044,0.061396472156,0.10747654736,0.0354671292007,0.0974773839116,35.5195541382,,artifacts.md#sweetpoint,metrics_only_no_render;track_status=tracked;failure_labels=stability_regression,vehicle_riding,tracked,stability_regression,578
2026-06-25-bench-data-three-way-metrics-wjs,2026-06-25-bench-data-three-way-metrics-wjs__mechanical_operation__sonic_filtered_231115__door_knob_right_side_peep_r_001_a512__no_mpc_baseline,spider,mechanical_operation__sonic_filtered_231115__door_knob_right_side_peep_r_001_a512,no_mpc_baseline,/data_team/junsong/model-based/wbc_results/assets/checkpoints/model_8000.pt,no_mpc_baseline,0,complete,true,-0.770798234269,0.0795668438077,0.074281051755,0.0646515637636,0.218499459326,0.0294753909111,0.0508090294898,0.0802844204009,0.0522648096085,0.0420013442636,23.245098114,,artifacts.md#no_mpc_baseline,metrics_only_no_render;track_status=tracked,mechanical_operation,tracked,,287
2026-06-25-bench-data-three-way-metrics-wjs,2026-06-25-bench-data-three-way-metrics-wjs__mechanical_operation__sonic_filtered_231115__door_knob_right_side_peep_r_001_a512__best_s128,spider,mechanical_operation__sonic_filtered_231115__door_knob_right_side_peep_r_001_a512,best_s128,/data_team/junsong/model-based/wbc_results/assets/checkpoints/model_8000.pt,best_s128,0,complete,true,-0.554733744822,0.0292678121477,0.0295890662819,0.027339713648,0.0861965920776,0.0280946530402,0.048358861357,0.0764535143971,0.0365853644907,0.0914102420211,37.4159736633,,artifacts.md#best_s128,metrics_only_no_render;track_status=tracked;failure_labels=stability_regression,mechanical_operation,tracked,stability_regression,287
2026-06-25-bench-data-three-way-metrics-wjs,2026-06-25-bench-data-three-way-metrics-wjs__mechanical_operation__sonic_filtered_231115__door_knob_right_side_peep_r_001_a512__sweetpoint,spider,mechanical_operation__sonic_filtered_231115__door_knob_right_side_peep_r_001_a512,sweetpoint,/data_team/junsong/model-based/wbc_results/assets/checkpoints/model_8000.pt,sweetpoint,0,complete,true,-0.502869488671,0.0359340235591,0.0337676145136,0.0280984193087,0.0978000573814,0.028430653736,0.0485539771616,0.0769846308976,0.0261324048042,0.0904884561896,36.8137588501,,artifacts.md#sweetpoint,metrics_only_no_render;track_status=tracked;failure_labels=stability_regression,mechanical_operation,tracked,stability_regression,287
2026-06-25-bench-data-three-way-metrics-wjs,2026-06-25-bench-data-three-way-metrics-wjs__carrying_relocation__sonic_filtered_231120__big_heavy_one_hand_behind_high_to_behind_high_r_001_a524__no_mpc_baseline,spider,carrying_relocation__sonic_filtered_231120__big_heavy_one_hand_behind_high_to_behind_high_r_001_a524,no_mpc_baseline,/data_team/junsong/model-based/wbc_results/assets/checkpoints/model_8000.pt,no_mpc_baseline,0,complete,true,-2.99286471345,0.275868654251,0.285454630852,0.291187673807,0.85251095891,0.0300294235349,0.0526704266667,0.0826998502016,0.306688427925,0.102765195072,43.8893203735,,artifacts.md#no_mpc_baseline,metrics_only_no_render;track_status=failed;failure_labels=root_translation_drift|ee_global_tracking_failure,carrying_relocation,failed,root_translation_drift|ee_global_tracking_failure,613
2026-06-25-bench-data-three-way-metrics-wjs,2026-06-25-bench-data-three-way-metrics-wjs__carrying_relocation__sonic_filtered_231120__big_heavy_one_hand_behind_high_to_behind_high_r_001_a524__best_s128,spider,carrying_relocation__sonic_filtered_231120__big_heavy_one_hand_behind_high_to_behind_high_r_001_a524,best_s128,/data_team/junsong/model-based/wbc_results/assets/checkpoints/model_8000.pt,best_s128,0,complete,true,-2.26072583497,0.0841580182314,0.0942798703909,0.1027636379,0.281201526523,0.0340116843581,0.0559677556157,0.0899794399738,0.340946167707,0.199505716562,75.4353942871,,artifacts.md#best_s128,metrics_only_no_render;track_status=borderline;failure_labels=borderline|stability_regression,carrying_relocation,borderline,borderline|stability_regression,613
2026-06-25-bench-data-three-way-metrics-wjs,2026-06-25-bench-data-three-way-metrics-wjs__carrying_relocation__sonic_filtered_231120__big_heavy_one_hand_behind_high_to_behind_high_r_001_a524__sweetpoint,spider,carrying_relocation__sonic_filtered_231120__big_heavy_one_hand_behind_high_to_behind_high_r_001_a524,sweetpoint,/data_team/junsong/model-based/wbc_results/assets/checkpoints/model_8000.pt,sweetpoint,0,complete,true,-2.27512894273,0.136134088039,0.142975628376,0.152290225029,0.431399941444,0.028090743348,0.0477189831436,0.0758097264916,0.319738984108,0.144252941012,56.1748085022,,artifacts.md#sweetpoint,metrics_only_no_render;track_status=borderline;failure_labels=borderline|stability_regression,carrying_relocation,borderline,borderline|stability_regression,613
2026-06-25-bench-data-three-way-metrics-wjs,2026-06-25-bench-data-three-way-metrics-wjs__acrobatics_parkour__sonic_filtered_230509__burpee_001_a359__no_mpc_baseline,spider,acrobatics_parkour__sonic_filtered_230509__burpee_001_a359,no_mpc_baseline,/data_team/junsong/model-based/wbc_results/assets/checkpoints/model_8000.pt,no_mpc_baseline,0,complete,true,-2.33286275864,0.114687286317,0.112608142197,0.120017640293,0.347313068807,0.0559920147061,0.0924906283617,0.148482643068,0.269047617912,0.233682349324,127.965354919,,artifacts.md#no_mpc_baseline,metrics_only_no_render;track_status=tracked,acrobatics_parkour,tracked,,630
2026-06-25-bench-data-three-way-metrics-wjs,2026-06-25-bench-data-three-way-metrics-wjs__acrobatics_parkour__sonic_filtered_230509__burpee_001_a359__best_s128,spider,acrobatics_parkour__sonic_filtered_230509__burpee_001_a359,best_s128,/data_team/junsong/model-based/wbc_results/assets/checkpoints/model_8000.pt,best_s128,0,complete,true,-3.78779614717,0.378194451332,0.400256663561,0.421043545008,1.1994946599,0.069513335824,0.112419530749,0.181932866573,0.275396823883,0.446436554193,213.307937622,,artifacts.md#best_s128,metrics_only_no_render;track_status=failed;failure_labels=root_translation_drift|ee_global_tracking_failure|baseline_regression|stability_regression,acrobatics_parkour,failed,root_translation_drift|ee_global_tracking_failure|baseline_regression|stability_regression,630
2026-06-25-bench-data-three-way-metrics-wjs,2026-06-25-bench-data-three-way-metrics-wjs__acrobatics_parkour__sonic_filtered_230509__burpee_001_a359__sweetpoint,spider,acrobatics_parkour__sonic_filtered_230509__burpee_001_a359,sweetpoint,/data_team/junsong/model-based/wbc_results/assets/checkpoints/model_8000.pt,sweetpoint,0,complete,true,-2.15508796498,0.0945828929543,0.105428084731,0.120082892478,0.320093870163,0.0551703162491,0.0908646211028,0.146034937352,0.247619047761,0.304727226496,156.940872192,,artifacts.md#sweetpoint,metrics_only_no_render;track_status=tracked;failure_labels=stability_regression,acrobatics_parkour,tracked,stability_regression,630
2026-06-25-bench-data-three-way-metrics-wjs,2026-06-25-bench-data-three-way-metrics-wjs__phone_social_scene__sonic_filtered_230713__cellphone_record_sequence_fast_r_001_a428__no_mpc_baseline,spider,phone_social_scene__sonic_filtered_230713__cellphone_record_sequence_fast_r_001_a428,no_mpc_baseline,/data_team/junsong/model-based/wbc_results/assets/checkpoints/model_8000.pt,no_mpc_baseline,0,complete,true,-1.31025076881,0.151593923569,0.171601668,0.168029770255,0.491225361824,0.0319143198431,0.0526663437486,0.0845806635916,0.0423433855176,0.0710756778717,32.6022720337,,artifacts.md#no_mpc_baseline,metrics_only_no_render;track_status=tracked,phone_social_scene,tracked,,862
2026-06-25-bench-data-three-way-metrics-wjs,2026-06-25-bench-data-three-way-metrics-wjs__phone_social_scene__sonic_filtered_230713__cellphone_record_sequence_fast_r_001_a428__best_s128,spider,phone_social_scene__sonic_filtered_230713__cellphone_record_sequence_fast_r_001_a428,best_s128,/data_team/junsong/model-based/wbc_results/assets/checkpoints/model_8000.pt,best_s128,0,complete,true,-1.00784664303,0.0762147158384,0.0834276303649,0.0873805731535,0.247022919357,0.0336523912847,0.0546660870314,0.0883184783161,0.0574245937169,0.169397085905,59.9166603088,,artifacts.md#best_s128,metrics_only_no_render;track_status=tracked;failure_labels=stability_regression,phone_social_scene,tracked,stability_regression,862
2026-06-25-bench-data-three-way-metrics-wjs,2026-06-25-bench-data-three-way-metrics-wjs__phone_social_scene__sonic_filtered_230713__cellphone_record_sequence_fast_r_001_a428__sweetpoint,spider,phone_social_scene__sonic_filtered_230713__cellphone_record_sequence_fast_r_001_a428,sweetpoint,/data_team/junsong/model-based/wbc_results/assets/checkpoints/model_8000.pt,sweetpoint,0,complete,true,-0.631300998479,0.0285312868655,0.0453082844615,0.0535422973335,0.12738186866,0.0313907302916,0.0511432960629,0.0825340263546,0.0266821328551,0.121330164373,45.1301651001,,artifacts.md#sweetpoint,metrics_only_no_render;track_status=tracked;failure_labels=stability_regression,phone_social_scene,tracked,stability_regression,862
2026-06-25-bench-data-three-way-metrics-wjs,2026-06-25-bench-data-three-way-metrics-wjs__animal_insect_interaction__sonic_filtered_231110__big_fish_catch_r_002_a500__no_mpc_baseline,spider,animal_insect_interaction__sonic_filtered_231110__big_fish_catch_r_002_a500,no_mpc_baseline,/data_team/junsong/model-based/wbc_results/assets/checkpoints/model_8000.pt,no_mpc_baseline,0,complete,true,-0.588733525574,0.0638984516263,0.0651089698076,0.0606270395219,0.189634460956,0.03130049631,0.049142241478,0.080442737788,0.00718608126044,0.115660198033,46.0952796936,,artifacts.md#no_mpc_baseline,metrics_only_no_render;track_status=tracked,animal_insect_interaction,tracked,,1322
2026-06-25-bench-data-three-way-metrics-wjs,2026-06-25-bench-data-three-way-metrics-wjs__animal_insect_interaction__sonic_filtered_231110__big_fish_catch_r_002_a500__best_s128,spider,animal_insect_interaction__sonic_filtered_231110__big_fish_catch_r_002_a500,best_s128,/data_team/junsong/model-based/wbc_results/assets/checkpoints/model_8000.pt,best_s128,0,complete,true,-0.536804961041,0.0513151697814,0.0535007603467,0.0496596172452,0.154475547373,0.0306028220803,0.0473740436137,0.0779768656939,0.00718608126044,0.14290086925,53.1908493042,,artifacts.md#best_s128,metrics_only_no_render;track_status=tracked;failure_labels=stability_regression,animal_insect_interaction,tracked,stability_regression,1322
2026-06-25-bench-data-three-way-metrics-wjs,2026-06-25-bench-data-three-way-metrics-wjs__animal_insect_interaction__sonic_filtered_231110__big_fish_catch_r_002_a500__sweetpoint,spider,animal_insect_interaction__sonic_filtered_231110__big_fish_catch_r_002_a500,sweetpoint,/data_team/junsong/model-based/wbc_results/assets/checkpoints/model_8000.pt,sweetpoint,0,complete,true,-0.514077122509,0.0428634472191,0.0463160276413,0.0437967814505,0.132976256311,0.0301828440279,0.0464994013309,0.0766822453588,0.0086989402771,0.13957811892,52.2959098816,,artifacts.md#sweetpoint,metrics_only_no_render;track_status=tracked;failure_labels=stability_regression,animal_insect_interaction,tracked,stability_regression,1322
2026-06-25-bench-data-three-way-metrics-wjs,2026-06-25-bench-data-three-way-metrics-wjs__other_or_uncategorized__sonic_filtered_231117__rom_box_01_box_02_box_03_box_04_002_a520__no_mpc_baseline,spider,other_or_uncategorized__sonic_filtered_231117__rom_box_01_box_02_box_03_box_04_002_a520,no_mpc_baseline,/data_team/junsong/model-based/wbc_results/assets/checkpoints/model_8000.pt,no_mpc_baseline,0,complete,true,-0.317101994716,0.0269166398793,0.0277460534126,0.023684380576,0.0783470738679,0.0239549968392,0.0382188521326,0.0621738489717,0,0.052371494472,21.0247573853,,artifacts.md#no_mpc_baseline,metrics_only_no_render;track_status=tracked,other_or_uncategorized,tracked,,346
2026-06-25-bench-data-three-way-metrics-wjs,2026-06-25-bench-data-three-way-metrics-wjs__other_or_uncategorized__sonic_filtered_231117__rom_box_01_box_02_box_03_box_04_002_a520__best_s128,spider,other_or_uncategorized__sonic_filtered_231117__rom_box_01_box_02_box_03_box_04_002_a520,best_s128,/data_team/junsong/model-based/wbc_results/assets/checkpoints/model_8000.pt,best_s128,0,complete,true,-0.310413565673,0.0263605695218,0.0266805943102,0.0225518755615,0.0755930393934,0.0237313695252,0.0374598689377,0.0611912384629,0,0.0657941251993,24.7335300446,,artifacts.md#best_s128,metrics_only_no_render;track_status=tracked;failure_labels=stability_regression,other_or_uncategorized,tracked,stability_regression,346
2026-06-25-bench-data-three-way-metrics-wjs,2026-06-25-bench-data-three-way-metrics-wjs__other_or_uncategorized__sonic_filtered_231117__rom_box_01_box_02_box_03_box_04_002_a520__sweetpoint,spider,other_or_uncategorized__sonic_filtered_231117__rom_box_01_box_02_box_03_box_04_002_a520,sweetpoint,/data_team/junsong/model-based/wbc_results/assets/checkpoints/model_8000.pt,sweetpoint,0,complete,true,-0.298943660408,0.0223805457354,0.0239556115121,0.0207964256406,0.067132582888,0.0233332999051,0.0369003601372,0.0602336600423,0,0.0618033707142,23.3120117188,,artifacts.md#sweetpoint,metrics_only_no_render;track_status=tracked;failure_labels=stability_regression,other_or_uncategorized,tracked,stability_regression,346
2026-06-25-bench-data-three-way-metrics-wjs,2026-06-25-bench-data-three-way-metrics-wjs__other_or_uncategorized__amass_lafan_qingtong_amass_filtered_0_05_40k_segmented_2k_origin_interp10_npz_cmu_06_06_13_poses_motion_seg2__motion__no_mpc_baseline,spider,other_or_uncategorized__amass_lafan_qingtong_amass_filtered_0_05_40k_segmented_2k_origin_interp10_npz_cmu_06_06_13_poses_motion_seg2__motion,no_mpc_baseline,/data_team/junsong/model-based/wbc_results/assets/checkpoints/model_8000.pt,no_mpc_baseline,0,complete,true,-5.81137863547,0.846361160278,0.870443284512,0.882717251778,2.59952169657,0.0355221889913,0.0557331889868,0.0912553779781,0.274770647287,0.390517562628,206.134780884,,artifacts.md#no_mpc_baseline,metrics_only_no_render;track_status=failed;failure_labels=root_translation_drift|ee_global_tracking_failure,other_or_uncategorized,failed,root_translation_drift|ee_global_tracking_failure,1090
2026-06-25-bench-data-three-way-metrics-wjs,2026-06-25-bench-data-three-way-metrics-wjs__other_or_uncategorized__amass_lafan_qingtong_amass_filtered_0_05_40k_segmented_2k_origin_interp10_npz_cmu_06_06_13_poses_motion_seg2__motion__best_s128,spider,other_or_uncategorized__amass_lafan_qingtong_amass_filtered_0_05_40k_segmented_2k_origin_interp10_npz_cmu_06_06_13_poses_motion_seg2__motion,best_s128,/data_team/junsong/model-based/wbc_results/assets/checkpoints/model_8000.pt,best_s128,0,complete,true,-3.84209220111,0.414068579674,0.419513970613,0.429836004972,1.26341855526,0.0431783720851,0.0666607767344,0.109839148819,0.304587155581,0.573208630085,268.682525635,,artifacts.md#best_s128,metrics_only_no_render;track_status=failed;failure_labels=root_translation_drift|ee_global_tracking_failure|stability_regression,other_or_uncategorized,failed,root_translation_drift|ee_global_tracking_failure|stability_regression,1090
2026-06-25-bench-data-three-way-metrics-wjs,2026-06-25-bench-data-three-way-metrics-wjs__other_or_uncategorized__amass_lafan_qingtong_amass_filtered_0_05_40k_segmented_2k_origin_interp10_npz_cmu_06_06_13_poses_motion_seg2__motion__sweetpoint,spider,other_or_uncategorized__amass_lafan_qingtong_amass_filtered_0_05_40k_segmented_2k_origin_interp10_npz_cmu_06_06_13_poses_motion_seg2__motion,sweetpoint,/data_team/junsong/model-based/wbc_results/assets/checkpoints/model_8000.pt,sweetpoint,0,complete,true,-2.61305340379,0.219502404332,0.225830838084,0.234922409058,0.680255651474,0.0390701256692,0.0595437549055,0.0986138805747,0.23486238718,0.528233349323,257.340759277,,artifacts.md#sweetpoint,metrics_only_no_render;track_status=borderline;failure_labels=borderline|stability_regression,other_or_uncategorized,borderline,borderline|stability_regression,1090
