motion_name,samples,iterations,horizon,control,knot_count,root_pos_sigma,root_rot_sigma,joint_sigma,seed,status,exit_code,duration_sec,output_dir,metrics_path,reference_metrics_path,motion,method,checkpoint,device,max_steps,command,error,metric_num_steps,metric_score,metric_success,metric_root_pos_error_mean,metric_root_pos_error_max,metric_root_rot_error_mean,metric_joint_pos_error_mean,metric_joint_vel_error_mean,metric_body_global_pos_error_mean,metric_body_global_rot_error_mean,metric_body_local_pos_error_mean,metric_body_local_rot_error_mean,metric_ee_global_pos_error_mean,metric_ee_global_rot_error_mean,metric_ee_local_pos_error_mean,metric_ee_local_rot_error_mean,metric_hand_global_pos_error_mean,metric_hand_global_rot_error_mean,metric_hand_local_pos_error_mean,metric_hand_local_rot_error_mean,metric_contact_mismatch_rate,metric_contact_false_positive_rate,metric_contact_false_negative_rate,metric_contact_switch_rate,metric_reference_contact_switch_rate,metric_contact_force_active_mean,metric_contact_force_peak,metric_contact_force_excess_mean,metric_contact_force_delta_mean,metric_bad_floor_contact_rate,metric_bad_floor_force_mean,metric_bad_floor_force_excess_mean,metric_action_delta_mean,metric_control_delta_mean,metric_joint_acc_mean,metric_joint_jerk_mean,ref_score,delta_score,ref_root_pos_error_mean,delta_root_pos_error_mean,ref_body_global_pos_error_mean,delta_body_global_pos_error_mean,ref_ee_global_pos_error_mean,delta_ee_global_pos_error_mean,ref_ee_local_pos_error_mean,delta_ee_local_pos_error_mean,ref_contact_mismatch_rate,delta_contact_mismatch_rate,ref_control_delta_mean,delta_control_delta_mean,ref_joint_acc_mean,delta_joint_acc_mean,mpc_preset,mpc_num_samples,mpc_num_iterations,mpc_planning_horizon_steps,mpc_control_steps,mpc_sampling_mode,mpc_knot_count,mpc_elite_frac,mpc_temperature,mpc_root_pos_sigma,mpc_root_rot_sigma,mpc_joint_sigma,mpc_min_root_pos_sigma,mpc_min_root_rot_sigma,mpc_min_joint_sigma,mpc_sigma_decay,mpc_smooth_passes,mpc_command_reg_weight,mpc_command_smooth_weight,mpc_reward_weight_source,mpc_acceptance_gate,mpc_guided_candidate,mpc_final_scores_mean,mpc_final_scores_max,mpc_accepted,mpc_used_baseline_fallback,mpc_num_windows,mpc_accepted_windows,mpc_final_candidate_score,mpc_final_baseline_score,mpc_guided_joint_clip,mpc_guided_joint_gain,mpc_guided_root_pos_clip,mpc_guided_root_pos_gain,mpc_guided_root_rot_clip,mpc_guided_root_rot_gain
jump,32,1,20,20,8,0.08,0.18,0.28,0,ok,0,12.261,/home/wujs/Projects/BrainStorm/Learning/RL/model-based/spider/outputs/g1_wbc_low_latency_tuning_20260619/jump_short_sweep/jump/jump_s32_i1_h20_c20_k8_sig0p08_0p18_0p28_seed0,/home/wujs/Projects/BrainStorm/Learning/RL/model-based/spider/outputs/g1_wbc_low_latency_tuning_20260619/jump_short_sweep/jump/jump_s32_i1_h20_c20_k8_sig0p08_0p18_0p28_seed0/metrics.json,/home/wujs/Projects/BrainStorm/Learning/RL/model-based/g1_wbc_testbed_motion_package_20260617/outputs/spider/jump/g1_wbc_joint_global/metrics.json,/home/wujs/Projects/BrainStorm/Learning/RL/model-based/g1_wbc_testbed_motion_package_20260617/input_motions/jump/motion.npz,g1_wbc_joint_global,/home/wujs/Projects/BrainStorm/Learning/RL/model-based/wxy/0608_ckpt_bc/model_8000.pt,cuda:0,120,/home/wujs/Projects/BrainStorm/Learning/RL/model-based/spider/.venv/bin/python -m spider.tasks.g1_wbc.evaluate --motion /home/wujs/Projects/BrainStorm/Learning/RL/model-based/g1_wbc_testbed_motion_package_20260617/input_motions/jump/motion.npz --motion-type isaaclab --checkpoint bc --method g1_wbc_joint_global --max-steps 120 --device cuda:0 --output-dir /home/wujs/Projects/BrainStorm/Learning/RL/model-based/spider/outputs/g1_wbc_low_latency_tuning_20260619/jump_short_sweep/jump/jump_s32_i1_h20_c20_k8_sig0p08_0p18_0p28_seed0 --mpc-preset aggressive --mpc-sampling-mode knot --mpc-knot-count 8 --mpc-samples 32 --mpc-iterations 1 --mpc-planning-horizon-steps 20 --mpc-control-steps 20 --mpc-temperature 0.7 --mpc-root-pos-sigma 0.08 --mpc-root-rot-sigma 0.18 --mpc-joint-sigma 0.28 --mpc-smooth-passes 0 --mpc-command-reg-weight 0.0 --mpc-command-smooth-weight 0.0 --mpc-guided-root-pos-gain 0.50 --mpc-guided-root-rot-gain 0.50 --mpc-guided-joint-gain 0.50 --mpc-guided-root-pos-clip 0.05 --mpc-guided-root-rot-clip 0.12 --mpc-guided-joint-clip 0.35 --mpc-guided-candidate --mpc-acceptance-gate --mpc-reward-weights /home/wujs/Projects/BrainStorm/Learning/RL/model-based/g1_wbc_testbed_motion_package_20260617/metadata/g1_wbc_reward_weights_method_specific_v14_20260612.json --nconmax-per-env 512 --njmax-per-env 2048 --seed 0,,120.0,-0.3350461246445775,True,0.039888571947813034,0.06720353662967682,0.044682539999485016,0.3582512438297272,1.2412012815475464,0.038409482687711716,0.06986130774021149,0.010271981358528137,0.06845100969076157,0.0331772118806839,0.09745278209447861,0.017381791025400162,0.10416191816329956,0.048089444637298584,0.17744366824626923,0.019183240830898285,0.18497507274150848,0.004166666883975267,0.004166666883975267,0.0,0.004201680887490511,0.004201680887490511,46.98255157470703,143.49488830566406,0.0,0.01729661226272583,0.0,0.0,0.0,0.25327759981155396,0.07887877523899078,33.83366012573242,36.23252868652344,-2.078044440969825,1.7429983163252474,0.04248392954468727,-0.002595357596874237,0.05304131656885147,-0.014631833881139755,0.06079898029565811,-0.027621768414974213,0.03966686874628067,-0.02228507772088051,0.35499998927116394,-0.3508333223871887,0.3372446894645691,-0.2583659142255783,191.8719940185547,-158.03833389282227,aggressive,32,1,20,20,knot,8,0.125,0.7,0.08,0.18,0.28,0.002,0.004,0.008,0.75,0,0.0,0.0,/home/wujs/Projects/BrainStorm/Learning/RL/model-based/g1_wbc_testbed_motion_package_20260617/metadata/g1_wbc_reward_weights_method_specific_v14_20260612.json,True,True,-13.805553436279297,-5.2679266929626465,True,False,6,6,-3.919728994369507,-4.826506614685059,0.35,0.5,0.05,0.5,0.12,0.5
jump,32,1,20,40,8,0.08,0.18,0.28,0,ok,0,11.796,/home/wujs/Projects/BrainStorm/Learning/RL/model-based/spider/outputs/g1_wbc_low_latency_tuning_20260619/jump_short_sweep/jump/jump_s32_i1_h20_c40_k8_sig0p08_0p18_0p28_seed0,/home/wujs/Projects/BrainStorm/Learning/RL/model-based/spider/outputs/g1_wbc_low_latency_tuning_20260619/jump_short_sweep/jump/jump_s32_i1_h20_c40_k8_sig0p08_0p18_0p28_seed0/metrics.json,/home/wujs/Projects/BrainStorm/Learning/RL/model-based/g1_wbc_testbed_motion_package_20260617/outputs/spider/jump/g1_wbc_joint_global/metrics.json,/home/wujs/Projects/BrainStorm/Learning/RL/model-based/g1_wbc_testbed_motion_package_20260617/input_motions/jump/motion.npz,g1_wbc_joint_global,/home/wujs/Projects/BrainStorm/Learning/RL/model-based/wxy/0608_ckpt_bc/model_8000.pt,cuda:0,120,/home/wujs/Projects/BrainStorm/Learning/RL/model-based/spider/.venv/bin/python -m spider.tasks.g1_wbc.evaluate --motion /home/wujs/Projects/BrainStorm/Learning/RL/model-based/g1_wbc_testbed_motion_package_20260617/input_motions/jump/motion.npz --motion-type isaaclab --checkpoint bc --method g1_wbc_joint_global --max-steps 120 --device cuda:0 --output-dir /home/wujs/Projects/BrainStorm/Learning/RL/model-based/spider/outputs/g1_wbc_low_latency_tuning_20260619/jump_short_sweep/jump/jump_s32_i1_h20_c40_k8_sig0p08_0p18_0p28_seed0 --mpc-preset aggressive --mpc-sampling-mode knot --mpc-knot-count 8 --mpc-samples 32 --mpc-iterations 1 --mpc-planning-horizon-steps 20 --mpc-control-steps 40 --mpc-temperature 0.7 --mpc-root-pos-sigma 0.08 --mpc-root-rot-sigma 0.18 --mpc-joint-sigma 0.28 --mpc-smooth-passes 0 --mpc-command-reg-weight 0.0 --mpc-command-smooth-weight 0.0 --mpc-guided-root-pos-gain 0.50 --mpc-guided-root-rot-gain 0.50 --mpc-guided-joint-gain 0.50 --mpc-guided-root-pos-clip 0.05 --mpc-guided-root-rot-clip 0.12 --mpc-guided-joint-clip 0.35 --mpc-guided-candidate --mpc-acceptance-gate --mpc-reward-weights /home/wujs/Projects/BrainStorm/Learning/RL/model-based/g1_wbc_testbed_motion_package_20260617/metadata/g1_wbc_reward_weights_method_specific_v14_20260612.json --nconmax-per-env 512 --njmax-per-env 2048 --seed 0,,120.0,-0.33503832053393123,True,0.0398871973156929,0.06720338016748428,0.044675905257463455,0.3582528233528137,1.2412515878677368,0.038409218192100525,0.06986047327518463,0.01027006097137928,0.06844737380743027,0.03317642956972122,0.09745538979768753,0.01738056167960167,0.10416016727685928,0.048088934272527695,0.1774424910545349,0.0191778726875782,0.18497419357299805,0.004166666883975267,0.004166666883975267,0.0,0.004201680887490511,0.004201680887490511,47.080753326416016,162.79237365722656,0.0,0.01756402850151062,0.0,0.0,0.0,0.2533656358718872,0.07891849428415298,33.845882415771484,36.25301742553711,-2.078044440969825,1.7430061204358935,0.04248392954468727,-0.0025967322289943695,0.05304131656885147,-0.014632098376750946,0.06079898029565811,-0.02762255072593689,0.03966686874628067,-0.022286307066679,0.35499998927116394,-0.3508333223871887,0.3372446894645691,-0.2583261951804161,191.8719940185547,-158.0261116027832,aggressive,32,1,20,40,knot,8,0.125,0.7,0.08,0.18,0.28,0.002,0.004,0.008,0.75,0,0.0,0.0,/home/wujs/Projects/BrainStorm/Learning/RL/model-based/g1_wbc_testbed_motion_package_20260617/metadata/g1_wbc_reward_weights_method_specific_v14_20260612.json,True,True,-13.905815124511719,-5.292429447174072,True,False,6,6,-3.9200499057769775,-4.828488349914551,0.35,0.5,0.05,0.5,0.12,0.5
jump,32,1,40,20,8,0.08,0.18,0.28,0,ok,0,13.737,/home/wujs/Projects/BrainStorm/Learning/RL/model-based/spider/outputs/g1_wbc_low_latency_tuning_20260619/jump_short_sweep/jump/jump_s32_i1_h40_c20_k8_sig0p08_0p18_0p28_seed0,/home/wujs/Projects/BrainStorm/Learning/RL/model-based/spider/outputs/g1_wbc_low_latency_tuning_20260619/jump_short_sweep/jump/jump_s32_i1_h40_c20_k8_sig0p08_0p18_0p28_seed0/metrics.json,/home/wujs/Projects/BrainStorm/Learning/RL/model-based/g1_wbc_testbed_motion_package_20260617/outputs/spider/jump/g1_wbc_joint_global/metrics.json,/home/wujs/Projects/BrainStorm/Learning/RL/model-based/g1_wbc_testbed_motion_package_20260617/input_motions/jump/motion.npz,g1_wbc_joint_global,/home/wujs/Projects/BrainStorm/Learning/RL/model-based/wxy/0608_ckpt_bc/model_8000.pt,cuda:0,120,/home/wujs/Projects/BrainStorm/Learning/RL/model-based/spider/.venv/bin/python -m spider.tasks.g1_wbc.evaluate --motion /home/wujs/Projects/BrainStorm/Learning/RL/model-based/g1_wbc_testbed_motion_package_20260617/input_motions/jump/motion.npz --motion-type isaaclab --checkpoint bc --method g1_wbc_joint_global --max-steps 120 --device cuda:0 --output-dir /home/wujs/Projects/BrainStorm/Learning/RL/model-based/spider/outputs/g1_wbc_low_latency_tuning_20260619/jump_short_sweep/jump/jump_s32_i1_h40_c20_k8_sig0p08_0p18_0p28_seed0 --mpc-preset aggressive --mpc-sampling-mode knot --mpc-knot-count 8 --mpc-samples 32 --mpc-iterations 1 --mpc-planning-horizon-steps 40 --mpc-control-steps 20 --mpc-temperature 0.7 --mpc-root-pos-sigma 0.08 --mpc-root-rot-sigma 0.18 --mpc-joint-sigma 0.28 --mpc-smooth-passes 0 --mpc-command-reg-weight 0.0 --mpc-command-smooth-weight 0.0 --mpc-guided-root-pos-gain 0.50 --mpc-guided-root-rot-gain 0.50 --mpc-guided-joint-gain 0.50 --mpc-guided-root-pos-clip 0.05 --mpc-guided-root-rot-clip 0.12 --mpc-guided-joint-clip 0.35 --mpc-guided-candidate --mpc-acceptance-gate --mpc-reward-weights /home/wujs/Projects/BrainStorm/Learning/RL/model-based/g1_wbc_testbed_motion_package_20260617/metadata/g1_wbc_reward_weights_method_specific_v14_20260612.json --nconmax-per-env 512 --njmax-per-env 2048 --seed 0,,120.0,-0.3446400774642825,True,0.04191705957055092,0.06958167999982834,0.04281251132488251,0.36605188250541687,1.2199277877807617,0.04040146246552467,0.07063692808151245,0.010358746163547039,0.0696147233247757,0.03492846339941025,0.0983227789402008,0.01758028194308281,0.10515249520540237,0.050041694194078445,0.1799718737602234,0.019461439922451973,0.18796277046203613,0.004166666883975267,0.004166666883975267,0.0,0.004201680887490511,0.004201680887490511,46.52998352050781,159.38575744628906,0.0,0.016040166839957237,0.0,0.0,0.0,0.24853433668613434,0.0765855684876442,32.9061279296875,34.340362548828125,-2.078044440969825,1.7334043635055423,0.04248392954468727,-0.0005668699741363525,0.05304131656885147,-0.012639854103326797,0.06079898029565811,-0.025870516896247864,0.03966686874628067,-0.02208658680319786,0.35499998927116394,-0.3508333223871887,0.3372446894645691,-0.2606591209769249,191.8719940185547,-158.9658660888672,aggressive,32,1,40,20,knot,8,0.125,0.7,0.08,0.18,0.28,0.002,0.004,0.008,0.75,0,0.0,0.0,/home/wujs/Projects/BrainStorm/Learning/RL/model-based/g1_wbc_testbed_motion_package_20260617/metadata/g1_wbc_reward_weights_method_specific_v14_20260612.json,True,True,-13.877561569213867,-5.347561836242676,True,False,6,6,-4.0569539070129395,-4.824066638946533,0.35,0.5,0.05,0.5,0.12,0.5
jump,32,1,40,40,8,0.08,0.18,0.28,0,ok,0,10.231,/home/wujs/Projects/BrainStorm/Learning/RL/model-based/spider/outputs/g1_wbc_low_latency_tuning_20260619/jump_short_sweep/jump/jump_s32_i1_h40_c40_k8_sig0p08_0p18_0p28_seed0,/home/wujs/Projects/BrainStorm/Learning/RL/model-based/spider/outputs/g1_wbc_low_latency_tuning_20260619/jump_short_sweep/jump/jump_s32_i1_h40_c40_k8_sig0p08_0p18_0p28_seed0/metrics.json,/home/wujs/Projects/BrainStorm/Learning/RL/model-based/g1_wbc_testbed_motion_package_20260617/outputs/spider/jump/g1_wbc_joint_global/metrics.json,/home/wujs/Projects/BrainStorm/Learning/RL/model-based/g1_wbc_testbed_motion_package_20260617/input_motions/jump/motion.npz,g1_wbc_joint_global,/home/wujs/Projects/BrainStorm/Learning/RL/model-based/wxy/0608_ckpt_bc/model_8000.pt,cuda:0,120,/home/wujs/Projects/BrainStorm/Learning/RL/model-based/spider/.venv/bin/python -m spider.tasks.g1_wbc.evaluate --motion /home/wujs/Projects/BrainStorm/Learning/RL/model-based/g1_wbc_testbed_motion_package_20260617/input_motions/jump/motion.npz --motion-type isaaclab --checkpoint bc --method g1_wbc_joint_global --max-steps 120 --device cuda:0 --output-dir /home/wujs/Projects/BrainStorm/Learning/RL/model-based/spider/outputs/g1_wbc_low_latency_tuning_20260619/jump_short_sweep/jump/jump_s32_i1_h40_c40_k8_sig0p08_0p18_0p28_seed0 --mpc-preset aggressive --mpc-sampling-mode knot --mpc-knot-count 8 --mpc-samples 32 --mpc-iterations 1 --mpc-planning-horizon-steps 40 --mpc-control-steps 40 --mpc-temperature 0.7 --mpc-root-pos-sigma 0.08 --mpc-root-rot-sigma 0.18 --mpc-joint-sigma 0.28 --mpc-smooth-passes 0 --mpc-command-reg-weight 0.0 --mpc-command-smooth-weight 0.0 --mpc-guided-root-pos-gain 0.50 --mpc-guided-root-rot-gain 0.50 --mpc-guided-joint-gain 0.50 --mpc-guided-root-pos-clip 0.05 --mpc-guided-root-rot-clip 0.12 --mpc-guided-joint-clip 0.35 --mpc-guided-candidate --mpc-acceptance-gate --mpc-reward-weights /home/wujs/Projects/BrainStorm/Learning/RL/model-based/g1_wbc_testbed_motion_package_20260617/metadata/g1_wbc_reward_weights_method_specific_v14_20260612.json --nconmax-per-env 512 --njmax-per-env 2048 --seed 0,,120.0,-0.3786365147680044,True,0.04183822497725487,0.06920337677001953,0.04403863847255707,0.3650226294994354,1.2208667993545532,0.04018070548772812,0.07204928994178772,0.010548438876867294,0.07109691947698593,0.03472718968987465,0.09972167760133743,0.01804468408226967,0.10714444518089294,0.049460168927907944,0.18251802027225494,0.020417729392647743,0.19124610722064972,0.008333333767950535,0.004166666883975267,0.004166666883975267,0.01260504312813282,0.004201680887490511,46.915279388427734,167.29197692871094,0.0,0.020866936072707176,0.0,0.0,0.0,0.24959860742092133,0.07579684257507324,30.82533073425293,30.788389205932617,-2.078044440969825,1.6994079262018205,0.04248392954468727,-0.0006457045674324036,0.05304131656885147,-0.012860611081123352,0.06079898029565811,-0.026071790605783463,0.03966686874628067,-0.021622184664011,0.35499998927116394,-0.3466666555032134,0.3372446894645691,-0.26144784688949585,191.8719940185547,-161.04666328430176,aggressive,32,1,40,40,knot,8,0.125,0.7,0.08,0.18,0.28,0.002,0.004,0.008,0.75,0,0.0,0.0,/home/wujs/Projects/BrainStorm/Learning/RL/model-based/g1_wbc_testbed_motion_package_20260617/metadata/g1_wbc_reward_weights_method_specific_v14_20260612.json,True,True,-15.841354370117188,-5.706060886383057,True,False,3,3,-4.107107639312744,-4.826587677001953,0.35,0.5,0.05,0.5,0.12,0.5
jump,32,2,20,20,8,0.08,0.18,0.28,0,ok,0,15.107,/home/wujs/Projects/BrainStorm/Learning/RL/model-based/spider/outputs/g1_wbc_low_latency_tuning_20260619/jump_short_sweep/jump/jump_s32_i2_h20_c20_k8_sig0p08_0p18_0p28_seed0,/home/wujs/Projects/BrainStorm/Learning/RL/model-based/spider/outputs/g1_wbc_low_latency_tuning_20260619/jump_short_sweep/jump/jump_s32_i2_h20_c20_k8_sig0p08_0p18_0p28_seed0/metrics.json,/home/wujs/Projects/BrainStorm/Learning/RL/model-based/g1_wbc_testbed_motion_package_20260617/outputs/spider/jump/g1_wbc_joint_global/metrics.json,/home/wujs/Projects/BrainStorm/Learning/RL/model-based/g1_wbc_testbed_motion_package_20260617/input_motions/jump/motion.npz,g1_wbc_joint_global,/home/wujs/Projects/BrainStorm/Learning/RL/model-based/wxy/0608_ckpt_bc/model_8000.pt,cuda:0,120,/home/wujs/Projects/BrainStorm/Learning/RL/model-based/spider/.venv/bin/python -m spider.tasks.g1_wbc.evaluate --motion /home/wujs/Projects/BrainStorm/Learning/RL/model-based/g1_wbc_testbed_motion_package_20260617/input_motions/jump/motion.npz --motion-type isaaclab --checkpoint bc --method g1_wbc_joint_global --max-steps 120 --device cuda:0 --output-dir /home/wujs/Projects/BrainStorm/Learning/RL/model-based/spider/outputs/g1_wbc_low_latency_tuning_20260619/jump_short_sweep/jump/jump_s32_i2_h20_c20_k8_sig0p08_0p18_0p28_seed0 --mpc-preset aggressive --mpc-sampling-mode knot --mpc-knot-count 8 --mpc-samples 32 --mpc-iterations 2 --mpc-planning-horizon-steps 20 --mpc-control-steps 20 --mpc-temperature 0.7 --mpc-root-pos-sigma 0.08 --mpc-root-rot-sigma 0.18 --mpc-joint-sigma 0.28 --mpc-smooth-passes 0 --mpc-command-reg-weight 0.0 --mpc-command-smooth-weight 0.0 --mpc-guided-root-pos-gain 0.50 --mpc-guided-root-rot-gain 0.50 --mpc-guided-joint-gain 0.50 --mpc-guided-root-pos-clip 0.05 --mpc-guided-root-rot-clip 0.12 --mpc-guided-joint-clip 0.35 --mpc-guided-candidate --mpc-acceptance-gate --mpc-reward-weights /home/wujs/Projects/BrainStorm/Learning/RL/model-based/g1_wbc_testbed_motion_package_20260617/metadata/g1_wbc_reward_weights_method_specific_v14_20260612.json --nconmax-per-env 512 --njmax-per-env 2048 --seed 0,,120.0,-0.33504550363868474,True,0.03988851606845856,0.06720318645238876,0.04468186944723129,0.35825100541114807,1.241200566291809,0.03840943053364754,0.06986096501350403,0.010271960869431496,0.06845102459192276,0.03317718580365181,0.09745246917009354,0.017381759360432625,0.1041620522737503,0.04808925464749336,0.17744359374046326,0.01918315887451172,0.1849750131368637,0.004166666883975267,0.004166666883975267,0.0,0.004201680887490511,0.004201680887490511,46.7259407043457,143.57896423339844,0.0,0.016434259712696075,0.0,0.0,0.0,0.25327742099761963,0.07887876033782959,33.83345031738281,36.23212814331055,-2.078044440969825,1.74299893733114,0.04248392954468727,-0.002595413476228714,0.05304131656885147,-0.014631886035203934,0.06079898029565811,-0.027621794492006302,0.03966686874628067,-0.022285109385848045,0.35499998927116394,-0.3508333223871887,0.3372446894645691,-0.2583659291267395,191.8719940185547,-158.03854370117188,aggressive,32,2,20,20,knot,8,0.125,0.7,0.08,0.18,0.28,0.002,0.004,0.008,0.75,0,0.0,0.0,/home/wujs/Projects/BrainStorm/Learning/RL/model-based/g1_wbc_testbed_motion_package_20260617/metadata/g1_wbc_reward_weights_method_specific_v14_20260612.json,True,True,-9.534849166870117,-5.261189937591553,True,False,6,6,-3.918858528137207,-4.826582431793213,0.35,0.5,0.05,0.5,0.12,0.5
jump,32,2,20,40,8,0.08,0.18,0.28,0,ok,0,14.83,/home/wujs/Projects/BrainStorm/Learning/RL/model-based/spider/outputs/g1_wbc_low_latency_tuning_20260619/jump_short_sweep/jump/jump_s32_i2_h20_c40_k8_sig0p08_0p18_0p28_seed0,/home/wujs/Projects/BrainStorm/Learning/RL/model-based/spider/outputs/g1_wbc_low_latency_tuning_20260619/jump_short_sweep/jump/jump_s32_i2_h20_c40_k8_sig0p08_0p18_0p28_seed0/metrics.json,/home/wujs/Projects/BrainStorm/Learning/RL/model-based/g1_wbc_testbed_motion_package_20260617/outputs/spider/jump/g1_wbc_joint_global/metrics.json,/home/wujs/Projects/BrainStorm/Learning/RL/model-based/g1_wbc_testbed_motion_package_20260617/input_motions/jump/motion.npz,g1_wbc_joint_global,/home/wujs/Projects/BrainStorm/Learning/RL/model-based/wxy/0608_ckpt_bc/model_8000.pt,cuda:0,120,/home/wujs/Projects/BrainStorm/Learning/RL/model-based/spider/.venv/bin/python -m spider.tasks.g1_wbc.evaluate --motion /home/wujs/Projects/BrainStorm/Learning/RL/model-based/g1_wbc_testbed_motion_package_20260617/input_motions/jump/motion.npz --motion-type isaaclab --checkpoint bc --method g1_wbc_joint_global --max-steps 120 --device cuda:0 --output-dir /home/wujs/Projects/BrainStorm/Learning/RL/model-based/spider/outputs/g1_wbc_low_latency_tuning_20260619/jump_short_sweep/jump/jump_s32_i2_h20_c40_k8_sig0p08_0p18_0p28_seed0 --mpc-preset aggressive --mpc-sampling-mode knot --mpc-knot-count 8 --mpc-samples 32 --mpc-iterations 2 --mpc-planning-horizon-steps 20 --mpc-control-steps 40 --mpc-temperature 0.7 --mpc-root-pos-sigma 0.08 --mpc-root-rot-sigma 0.18 --mpc-joint-sigma 0.28 --mpc-smooth-passes 0 --mpc-command-reg-weight 0.0 --mpc-command-smooth-weight 0.0 --mpc-guided-root-pos-gain 0.50 --mpc-guided-root-rot-gain 0.50 --mpc-guided-joint-gain 0.50 --mpc-guided-root-pos-clip 0.05 --mpc-guided-root-rot-clip 0.12 --mpc-guided-joint-clip 0.35 --mpc-guided-candidate --mpc-acceptance-gate --mpc-reward-weights /home/wujs/Projects/BrainStorm/Learning/RL/model-based/g1_wbc_testbed_motion_package_20260617/metadata/g1_wbc_reward_weights_method_specific_v14_20260612.json --nconmax-per-env 512 --njmax-per-env 2048 --seed 0,,120.0,-0.335039403475821,True,0.03988712653517723,0.06720320880413055,0.04467827454209328,0.3582530617713928,1.2412527799606323,0.038409121334552765,0.06986124813556671,0.010270152240991592,0.06844745576381683,0.033176276832818985,0.09745590388774872,0.01738075725734234,0.1041598841547966,0.048088811337947845,0.17744214832782745,0.019178101792931557,0.184973806142807,0.004166666883975267,0.004166666883975267,0.0,0.004201680887490511,0.004201680887490511,46.595069885253906,143.93829345703125,0.0,0.01607787422835827,0.0,0.0,0.0,0.25336596369743347,0.07891873270273209,33.84585189819336,36.252872467041016,-2.078044440969825,1.7430050374940038,0.04248392954468727,-0.0025968030095100403,0.05304131656885147,-0.014632195234298706,0.06079898029565811,-0.027622703462839127,0.03966686874628067,-0.02228611148893833,0.35499998927116394,-0.3508333223871887,0.3372446894645691,-0.258325956761837,191.8719940185547,-158.02614212036133,aggressive,32,2,20,40,knot,8,0.125,0.7,0.08,0.18,0.28,0.002,0.004,0.008,0.75,0,0.0,0.0,/home/wujs/Projects/BrainStorm/Learning/RL/model-based/g1_wbc_testbed_motion_package_20260617/metadata/g1_wbc_reward_weights_method_specific_v14_20260612.json,True,True,-9.509466171264648,-5.25005578994751,True,False,6,6,-3.918565273284912,-4.826421737670898,0.35,0.5,0.05,0.5,0.12,0.5
jump,32,2,40,20,8,0.08,0.18,0.28,0,ok,0,17.928,/home/wujs/Projects/BrainStorm/Learning/RL/model-based/spider/outputs/g1_wbc_low_latency_tuning_20260619/jump_short_sweep/jump/jump_s32_i2_h40_c20_k8_sig0p08_0p18_0p28_seed0,/home/wujs/Projects/BrainStorm/Learning/RL/model-based/spider/outputs/g1_wbc_low_latency_tuning_20260619/jump_short_sweep/jump/jump_s32_i2_h40_c20_k8_sig0p08_0p18_0p28_seed0/metrics.json,/home/wujs/Projects/BrainStorm/Learning/RL/model-based/g1_wbc_testbed_motion_package_20260617/outputs/spider/jump/g1_wbc_joint_global/metrics.json,/home/wujs/Projects/BrainStorm/Learning/RL/model-based/g1_wbc_testbed_motion_package_20260617/input_motions/jump/motion.npz,g1_wbc_joint_global,/home/wujs/Projects/BrainStorm/Learning/RL/model-based/wxy/0608_ckpt_bc/model_8000.pt,cuda:0,120,/home/wujs/Projects/BrainStorm/Learning/RL/model-based/spider/.venv/bin/python -m spider.tasks.g1_wbc.evaluate --motion /home/wujs/Projects/BrainStorm/Learning/RL/model-based/g1_wbc_testbed_motion_package_20260617/input_motions/jump/motion.npz --motion-type isaaclab --checkpoint bc --method g1_wbc_joint_global --max-steps 120 --device cuda:0 --output-dir /home/wujs/Projects/BrainStorm/Learning/RL/model-based/spider/outputs/g1_wbc_low_latency_tuning_20260619/jump_short_sweep/jump/jump_s32_i2_h40_c20_k8_sig0p08_0p18_0p28_seed0 --mpc-preset aggressive --mpc-sampling-mode knot --mpc-knot-count 8 --mpc-samples 32 --mpc-iterations 2 --mpc-planning-horizon-steps 40 --mpc-control-steps 20 --mpc-temperature 0.7 --mpc-root-pos-sigma 0.08 --mpc-root-rot-sigma 0.18 --mpc-joint-sigma 0.28 --mpc-smooth-passes 0 --mpc-command-reg-weight 0.0 --mpc-command-smooth-weight 0.0 --mpc-guided-root-pos-gain 0.50 --mpc-guided-root-rot-gain 0.50 --mpc-guided-joint-gain 0.50 --mpc-guided-root-pos-clip 0.05 --mpc-guided-root-rot-clip 0.12 --mpc-guided-joint-clip 0.35 --mpc-guided-candidate --mpc-acceptance-gate --mpc-reward-weights /home/wujs/Projects/BrainStorm/Learning/RL/model-based/g1_wbc_testbed_motion_package_20260617/metadata/g1_wbc_reward_weights_method_specific_v14_20260612.json --nconmax-per-env 512 --njmax-per-env 2048 --seed 0,,120.0,-0.3446416089311242,True,0.041917186230421066,0.0695817843079567,0.04281490668654442,0.36605173349380493,1.219931960105896,0.04040154069662094,0.07063750922679901,0.010358789004385471,0.06961504369974136,0.034928467124700546,0.09832322597503662,0.017580365762114525,0.10515312105417252,0.05004144832491875,0.17997147142887115,0.019461452960968018,0.18796274065971375,0.004166666883975267,0.004166666883975267,0.0,0.004201680887490511,0.004201680887490511,46.65882873535156,152.3092498779297,0.0,0.015325888060033321,0.0,0.0,0.0,0.24853456020355225,0.07658561319112778,32.90635681152344,34.34101867675781,-2.078044440969825,1.7334028320387007,0.04248392954468727,-0.0005667433142662048,0.05304131656885147,-0.01263977587223053,0.06079898029565811,-0.025870513170957565,0.03966686874628067,-0.022086502984166145,0.35499998927116394,-0.3508333223871887,0.3372446894645691,-0.2606590762734413,191.8719940185547,-158.96563720703125,aggressive,32,2,40,20,knot,8,0.125,0.7,0.08,0.18,0.28,0.002,0.004,0.008,0.75,0,0.0,0.0,/home/wujs/Projects/BrainStorm/Learning/RL/model-based/g1_wbc_testbed_motion_package_20260617/metadata/g1_wbc_reward_weights_method_specific_v14_20260612.json,True,True,-9.60224723815918,-5.429479598999023,True,False,6,6,-4.05625057220459,-4.827590465545654,0.35,0.5,0.05,0.5,0.12,0.5
jump,32,2,40,40,8,0.08,0.18,0.28,0,ok,0,12.211,/home/wujs/Projects/BrainStorm/Learning/RL/model-based/spider/outputs/g1_wbc_low_latency_tuning_20260619/jump_short_sweep/jump/jump_s32_i2_h40_c40_k8_sig0p08_0p18_0p28_seed0,/home/wujs/Projects/BrainStorm/Learning/RL/model-based/spider/outputs/g1_wbc_low_latency_tuning_20260619/jump_short_sweep/jump/jump_s32_i2_h40_c40_k8_sig0p08_0p18_0p28_seed0/metrics.json,/home/wujs/Projects/BrainStorm/Learning/RL/model-based/g1_wbc_testbed_motion_package_20260617/outputs/spider/jump/g1_wbc_joint_global/metrics.json,/home/wujs/Projects/BrainStorm/Learning/RL/model-based/g1_wbc_testbed_motion_package_20260617/input_motions/jump/motion.npz,g1_wbc_joint_global,/home/wujs/Projects/BrainStorm/Learning/RL/model-based/wxy/0608_ckpt_bc/model_8000.pt,cuda:0,120,/home/wujs/Projects/BrainStorm/Learning/RL/model-based/spider/.venv/bin/python -m spider.tasks.g1_wbc.evaluate --motion /home/wujs/Projects/BrainStorm/Learning/RL/model-based/g1_wbc_testbed_motion_package_20260617/input_motions/jump/motion.npz --motion-type isaaclab --checkpoint bc --method g1_wbc_joint_global --max-steps 120 --device cuda:0 --output-dir /home/wujs/Projects/BrainStorm/Learning/RL/model-based/spider/outputs/g1_wbc_low_latency_tuning_20260619/jump_short_sweep/jump/jump_s32_i2_h40_c40_k8_sig0p08_0p18_0p28_seed0 --mpc-preset aggressive --mpc-sampling-mode knot --mpc-knot-count 8 --mpc-samples 32 --mpc-iterations 2 --mpc-planning-horizon-steps 40 --mpc-control-steps 40 --mpc-temperature 0.7 --mpc-root-pos-sigma 0.08 --mpc-root-rot-sigma 0.18 --mpc-joint-sigma 0.28 --mpc-smooth-passes 0 --mpc-command-reg-weight 0.0 --mpc-command-smooth-weight 0.0 --mpc-guided-root-pos-gain 0.50 --mpc-guided-root-rot-gain 0.50 --mpc-guided-joint-gain 0.50 --mpc-guided-root-pos-clip 0.05 --mpc-guided-root-rot-clip 0.12 --mpc-guided-joint-clip 0.35 --mpc-guided-candidate --mpc-acceptance-gate --mpc-reward-weights /home/wujs/Projects/BrainStorm/Learning/RL/model-based/g1_wbc_testbed_motion_package_20260617/metadata/g1_wbc_reward_weights_method_specific_v14_20260612.json --nconmax-per-env 512 --njmax-per-env 2048 --seed 0,,120.0,-0.37863786406815053,True,0.04183832183480263,0.06920342147350311,0.04404079541563988,0.3650226891040802,1.220870852470398,0.0401807576417923,0.07205000519752502,0.01054850872606039,0.0710972249507904,0.034727130085229874,0.09972214698791504,0.01804482564330101,0.107144795358181,0.0494600310921669,0.18251758813858032,0.020417820662260056,0.19124574959278107,0.008333333767950535,0.004166666883975267,0.004166666883975267,0.01260504312813282,0.004201680887490511,46.73683547973633,155.2429656982422,0.0,0.019041160121560097,0.0,0.0,0.0,0.2495989203453064,0.07579696923494339,30.825355529785156,30.78821563720703,-2.078044440969825,1.6994065769016744,0.04248392954468727,-0.0006456077098846436,0.05304131656885147,-0.012860558927059174,0.06079898029565811,-0.026071850210428238,0.03966686874628067,-0.02162204310297966,0.35499998927116394,-0.3466666555032134,0.3372446894645691,-0.2614477202296257,191.8719940185547,-161.04663848876953,aggressive,32,2,40,40,knot,8,0.125,0.7,0.08,0.18,0.28,0.002,0.004,0.008,0.75,0,0.0,0.0,/home/wujs/Projects/BrainStorm/Learning/RL/model-based/g1_wbc_testbed_motion_package_20260617/metadata/g1_wbc_reward_weights_method_specific_v14_20260612.json,True,True,-8.527199745178223,-5.498010158538818,True,False,3,3,-4.105291366577148,-4.829866409301758,0.35,0.5,0.05,0.5,0.12,0.5
jump,64,1,20,20,8,0.08,0.18,0.28,0,ok,0,12.074,/home/wujs/Projects/BrainStorm/Learning/RL/model-based/spider/outputs/g1_wbc_low_latency_tuning_20260619/jump_short_sweep/jump/jump_s64_i1_h20_c20_k8_sig0p08_0p18_0p28_seed0,/home/wujs/Projects/BrainStorm/Learning/RL/model-based/spider/outputs/g1_wbc_low_latency_tuning_20260619/jump_short_sweep/jump/jump_s64_i1_h20_c20_k8_sig0p08_0p18_0p28_seed0/metrics.json,/home/wujs/Projects/BrainStorm/Learning/RL/model-based/g1_wbc_testbed_motion_package_20260617/outputs/spider/jump/g1_wbc_joint_global/metrics.json,/home/wujs/Projects/BrainStorm/Learning/RL/model-based/g1_wbc_testbed_motion_package_20260617/input_motions/jump/motion.npz,g1_wbc_joint_global,/home/wujs/Projects/BrainStorm/Learning/RL/model-based/wxy/0608_ckpt_bc/model_8000.pt,cuda:0,120,/home/wujs/Projects/BrainStorm/Learning/RL/model-based/spider/.venv/bin/python -m spider.tasks.g1_wbc.evaluate --motion /home/wujs/Projects/BrainStorm/Learning/RL/model-based/g1_wbc_testbed_motion_package_20260617/input_motions/jump/motion.npz --motion-type isaaclab --checkpoint bc --method g1_wbc_joint_global --max-steps 120 --device cuda:0 --output-dir /home/wujs/Projects/BrainStorm/Learning/RL/model-based/spider/outputs/g1_wbc_low_latency_tuning_20260619/jump_short_sweep/jump/jump_s64_i1_h20_c20_k8_sig0p08_0p18_0p28_seed0 --mpc-preset aggressive --mpc-sampling-mode knot --mpc-knot-count 8 --mpc-samples 64 --mpc-iterations 1 --mpc-planning-horizon-steps 20 --mpc-control-steps 20 --mpc-temperature 0.7 --mpc-root-pos-sigma 0.08 --mpc-root-rot-sigma 0.18 --mpc-joint-sigma 0.28 --mpc-smooth-passes 0 --mpc-command-reg-weight 0.0 --mpc-command-smooth-weight 0.0 --mpc-guided-root-pos-gain 0.50 --mpc-guided-root-rot-gain 0.50 --mpc-guided-joint-gain 0.50 --mpc-guided-root-pos-clip 0.05 --mpc-guided-root-rot-clip 0.12 --mpc-guided-joint-clip 0.35 --mpc-guided-candidate --mpc-acceptance-gate --mpc-reward-weights /home/wujs/Projects/BrainStorm/Learning/RL/model-based/g1_wbc_testbed_motion_package_20260617/metadata/g1_wbc_reward_weights_method_specific_v14_20260612.json --nconmax-per-env 512 --njmax-per-env 2048 --seed 0,,120.0,-0.33504694011062386,True,0.03988857567310333,0.06720352172851562,0.044683776795864105,0.3582511842250824,1.2412055730819702,0.03840947523713112,0.0698617622256279,0.010272042825818062,0.0684511810541153,0.03317718952894211,0.09745308011770248,0.01738191395998001,0.1041620671749115,0.0480894036591053,0.17744359374046326,0.019183343276381493,0.1849750131368637,0.004166666883975267,0.004166666883975267,0.0,0.004201680887490511,0.004201680887490511,46.878150939941406,162.2960968017578,0.0,0.017549799755215645,0.0,0.0,0.0,0.253278523683548,0.07887932658195496,33.83374786376953,36.23269271850586,-2.078044440969825,1.7429975008592011,0.04248392954468727,-0.0025953538715839386,0.05304131656885147,-0.014631841331720352,0.06079898029565811,-0.027621790766716003,0.03966686874628067,-0.02228495478630066,0.35499998927116394,-0.3508333223871887,0.3372446894645691,-0.25836536288261414,191.8719940185547,-158.03824615478516,aggressive,64,1,20,20,knot,8,0.125,0.7,0.08,0.18,0.28,0.002,0.004,0.008,0.75,0,0.0,0.0,/home/wujs/Projects/BrainStorm/Learning/RL/model-based/g1_wbc_testbed_motion_package_20260617/metadata/g1_wbc_reward_weights_method_specific_v14_20260612.json,True,True,-13.872518539428711,-5.305843353271484,True,False,6,6,-3.919987201690674,-4.825343608856201,0.35,0.5,0.05,0.5,0.12,0.5
jump,64,1,20,40,8,0.08,0.18,0.28,0,ok,0,12.357,/home/wujs/Projects/BrainStorm/Learning/RL/model-based/spider/outputs/g1_wbc_low_latency_tuning_20260619/jump_short_sweep/jump/jump_s64_i1_h20_c40_k8_sig0p08_0p18_0p28_seed0,/home/wujs/Projects/BrainStorm/Learning/RL/model-based/spider/outputs/g1_wbc_low_latency_tuning_20260619/jump_short_sweep/jump/jump_s64_i1_h20_c40_k8_sig0p08_0p18_0p28_seed0/metrics.json,/home/wujs/Projects/BrainStorm/Learning/RL/model-based/g1_wbc_testbed_motion_package_20260617/outputs/spider/jump/g1_wbc_joint_global/metrics.json,/home/wujs/Projects/BrainStorm/Learning/RL/model-based/g1_wbc_testbed_motion_package_20260617/input_motions/jump/motion.npz,g1_wbc_joint_global,/home/wujs/Projects/BrainStorm/Learning/RL/model-based/wxy/0608_ckpt_bc/model_8000.pt,cuda:0,120,/home/wujs/Projects/BrainStorm/Learning/RL/model-based/spider/.venv/bin/python -m spider.tasks.g1_wbc.evaluate --motion /home/wujs/Projects/BrainStorm/Learning/RL/model-based/g1_wbc_testbed_motion_package_20260617/input_motions/jump/motion.npz --motion-type isaaclab --checkpoint bc --method g1_wbc_joint_global --max-steps 120 --device cuda:0 --output-dir /home/wujs/Projects/BrainStorm/Learning/RL/model-based/spider/outputs/g1_wbc_low_latency_tuning_20260619/jump_short_sweep/jump/jump_s64_i1_h20_c40_k8_sig0p08_0p18_0p28_seed0 --mpc-preset aggressive --mpc-sampling-mode knot --mpc-knot-count 8 --mpc-samples 64 --mpc-iterations 1 --mpc-planning-horizon-steps 20 --mpc-control-steps 40 --mpc-temperature 0.7 --mpc-root-pos-sigma 0.08 --mpc-root-rot-sigma 0.18 --mpc-joint-sigma 0.28 --mpc-smooth-passes 0 --mpc-command-reg-weight 0.0 --mpc-command-smooth-weight 0.0 --mpc-guided-root-pos-gain 0.50 --mpc-guided-root-rot-gain 0.50 --mpc-guided-joint-gain 0.50 --mpc-guided-root-pos-clip 0.05 --mpc-guided-root-rot-clip 0.12 --mpc-guided-joint-clip 0.35 --mpc-guided-candidate --mpc-acceptance-gate --mpc-reward-weights /home/wujs/Projects/BrainStorm/Learning/RL/model-based/g1_wbc_testbed_motion_package_20260617/metadata/g1_wbc_reward_weights_method_specific_v14_20260612.json --nconmax-per-env 512 --njmax-per-env 2048 --seed 0,,120.0,-0.33503791969269514,True,0.03988697752356529,0.06720292568206787,0.04467691108584404,0.3582528233528137,1.2412532567977905,0.03840898722410202,0.06986075639724731,0.01027008704841137,0.06844737380743027,0.03317619487643242,0.09745556861162186,0.017380626872181892,0.10416000336408615,0.04808866232633591,0.17744232714176178,0.019177963957190514,0.18497402966022491,0.004166666883975267,0.004166666883975267,0.0,0.004201680887490511,0.004201680887490511,46.872047424316406,158.8260040283203,0.0,0.017634568735957146,0.0,0.0,0.0,0.25336548686027527,0.07891848683357239,33.84601593017578,36.253543853759766,-2.078044440969825,1.7430065212771297,0.04248392954468727,-0.0025969520211219788,0.05304131656885147,-0.01463232934474945,0.06079898029565811,-0.027622785419225693,0.03966686874628067,-0.022286241874098778,0.35499998927116394,-0.3508333223871887,0.3372446894645691,-0.2583262026309967,191.8719940185547,-158.0259780883789,aggressive,64,1,20,40,knot,8,0.125,0.7,0.08,0.18,0.28,0.002,0.004,0.008,0.75,0,0.0,0.0,/home/wujs/Projects/BrainStorm/Learning/RL/model-based/g1_wbc_testbed_motion_package_20260617/metadata/g1_wbc_reward_weights_method_specific_v14_20260612.json,True,True,-13.874942779541016,-5.259449005126953,True,False,6,6,-3.9201080799102783,-4.826645374298096,0.35,0.5,0.05,0.5,0.12,0.5
jump,64,1,40,20,8,0.08,0.18,0.28,0,ok,0,14.188,/home/wujs/Projects/BrainStorm/Learning/RL/model-based/spider/outputs/g1_wbc_low_latency_tuning_20260619/jump_short_sweep/jump/jump_s64_i1_h40_c20_k8_sig0p08_0p18_0p28_seed0,/home/wujs/Projects/BrainStorm/Learning/RL/model-based/spider/outputs/g1_wbc_low_latency_tuning_20260619/jump_short_sweep/jump/jump_s64_i1_h40_c20_k8_sig0p08_0p18_0p28_seed0/metrics.json,/home/wujs/Projects/BrainStorm/Learning/RL/model-based/g1_wbc_testbed_motion_package_20260617/outputs/spider/jump/g1_wbc_joint_global/metrics.json,/home/wujs/Projects/BrainStorm/Learning/RL/model-based/g1_wbc_testbed_motion_package_20260617/input_motions/jump/motion.npz,g1_wbc_joint_global,/home/wujs/Projects/BrainStorm/Learning/RL/model-based/wxy/0608_ckpt_bc/model_8000.pt,cuda:0,120,/home/wujs/Projects/BrainStorm/Learning/RL/model-based/spider/.venv/bin/python -m spider.tasks.g1_wbc.evaluate --motion /home/wujs/Projects/BrainStorm/Learning/RL/model-based/g1_wbc_testbed_motion_package_20260617/input_motions/jump/motion.npz --motion-type isaaclab --checkpoint bc --method g1_wbc_joint_global --max-steps 120 --device cuda:0 --output-dir /home/wujs/Projects/BrainStorm/Learning/RL/model-based/spider/outputs/g1_wbc_low_latency_tuning_20260619/jump_short_sweep/jump/jump_s64_i1_h40_c20_k8_sig0p08_0p18_0p28_seed0 --mpc-preset aggressive --mpc-sampling-mode knot --mpc-knot-count 8 --mpc-samples 64 --mpc-iterations 1 --mpc-planning-horizon-steps 40 --mpc-control-steps 20 --mpc-temperature 0.7 --mpc-root-pos-sigma 0.08 --mpc-root-rot-sigma 0.18 --mpc-joint-sigma 0.28 --mpc-smooth-passes 0 --mpc-command-reg-weight 0.0 --mpc-command-smooth-weight 0.0 --mpc-guided-root-pos-gain 0.50 --mpc-guided-root-rot-gain 0.50 --mpc-guided-joint-gain 0.50 --mpc-guided-root-pos-clip 0.05 --mpc-guided-root-rot-clip 0.12 --mpc-guided-joint-clip 0.35 --mpc-guided-candidate --mpc-acceptance-gate --mpc-reward-weights /home/wujs/Projects/BrainStorm/Learning/RL/model-based/g1_wbc_testbed_motion_package_20260617/metadata/g1_wbc_reward_weights_method_specific_v14_20260612.json --nconmax-per-env 512 --njmax-per-env 2048 --seed 0,,120.0,-0.34464212115854026,True,0.041917216032743454,0.06958182156085968,0.042815569788217545,0.36605197191238403,1.219931960105896,0.040401559323072433,0.07063759118318558,0.01035882718861103,0.06961502879858017,0.03492843732237816,0.09832313656806946,0.017580443993210793,0.10515298694372177,0.05004148930311203,0.17997148633003235,0.01946157217025757,0.18796272575855255,0.004166666883975267,0.004166666883975267,0.0,0.004201680887490511,0.004201680887490511,47.05506896972656,152.32907104492188,0.0,0.01715061441063881,0.0,0.0,0.0,0.24853487312793732,0.0765857994556427,32.90632629394531,34.3407096862793,-2.078044440969825,1.7334023198112847,0.04248392954468727,-0.0005667135119438171,0.05304131656885147,-0.012639757245779037,0.06079898029565811,-0.025870542973279953,0.03966686874628067,-0.022086424753069878,0.35499998927116394,-0.3508333223871887,0.3372446894645691,-0.2606588900089264,191.8719940185547,-158.96566772460938,aggressive,64,1,40,20,knot,8,0.125,0.7,0.08,0.18,0.28,0.002,0.004,0.008,0.75,0,0.0,0.0,/home/wujs/Projects/BrainStorm/Learning/RL/model-based/g1_wbc_testbed_motion_package_20260617/metadata/g1_wbc_reward_weights_method_specific_v14_20260612.json,True,True,-13.89516830444336,-5.340837001800537,True,False,6,6,-4.058077335357666,-4.82638692855835,0.35,0.5,0.05,0.5,0.12,0.5
jump,64,1,40,40,8,0.08,0.18,0.28,0,ok,0,10.318,/home/wujs/Projects/BrainStorm/Learning/RL/model-based/spider/outputs/g1_wbc_low_latency_tuning_20260619/jump_short_sweep/jump/jump_s64_i1_h40_c40_k8_sig0p08_0p18_0p28_seed0,/home/wujs/Projects/BrainStorm/Learning/RL/model-based/spider/outputs/g1_wbc_low_latency_tuning_20260619/jump_short_sweep/jump/jump_s64_i1_h40_c40_k8_sig0p08_0p18_0p28_seed0/metrics.json,/home/wujs/Projects/BrainStorm/Learning/RL/model-based/g1_wbc_testbed_motion_package_20260617/outputs/spider/jump/g1_wbc_joint_global/metrics.json,/home/wujs/Projects/BrainStorm/Learning/RL/model-based/g1_wbc_testbed_motion_package_20260617/input_motions/jump/motion.npz,g1_wbc_joint_global,/home/wujs/Projects/BrainStorm/Learning/RL/model-based/wxy/0608_ckpt_bc/model_8000.pt,cuda:0,120,/home/wujs/Projects/BrainStorm/Learning/RL/model-based/spider/.venv/bin/python -m spider.tasks.g1_wbc.evaluate --motion /home/wujs/Projects/BrainStorm/Learning/RL/model-based/g1_wbc_testbed_motion_package_20260617/input_motions/jump/motion.npz --motion-type isaaclab --checkpoint bc --method g1_wbc_joint_global --max-steps 120 --device cuda:0 --output-dir /home/wujs/Projects/BrainStorm/Learning/RL/model-based/spider/outputs/g1_wbc_low_latency_tuning_20260619/jump_short_sweep/jump/jump_s64_i1_h40_c40_k8_sig0p08_0p18_0p28_seed0 --mpc-preset aggressive --mpc-sampling-mode knot --mpc-knot-count 8 --mpc-samples 64 --mpc-iterations 1 --mpc-planning-horizon-steps 40 --mpc-control-steps 40 --mpc-temperature 0.7 --mpc-root-pos-sigma 0.08 --mpc-root-rot-sigma 0.18 --mpc-joint-sigma 0.28 --mpc-smooth-passes 0 --mpc-command-reg-weight 0.0 --mpc-command-smooth-weight 0.0 --mpc-guided-root-pos-gain 0.50 --mpc-guided-root-rot-gain 0.50 --mpc-guided-joint-gain 0.50 --mpc-guided-root-pos-clip 0.05 --mpc-guided-root-rot-clip 0.12 --mpc-guided-joint-clip 0.35 --mpc-guided-candidate --mpc-acceptance-gate --mpc-reward-weights /home/wujs/Projects/BrainStorm/Learning/RL/model-based/g1_wbc_testbed_motion_package_20260617/metadata/g1_wbc_reward_weights_method_specific_v14_20260612.json --nconmax-per-env 512 --njmax-per-env 2048 --seed 0,,120.0,-0.378638269752264,True,0.04183817282319069,0.06920339167118073,0.04404224827885628,0.36502307653427124,1.2208750247955322,0.04018063470721245,0.07205009460449219,0.010548542253673077,0.07109720259904861,0.034727029502391815,0.0997222363948822,0.01804487034678459,0.10714495927095413,0.04945981130003929,0.18251803517341614,0.020417865365743637,0.19124624133110046,0.008333333767950535,0.004166666883975267,0.004166666883975267,0.01260504312813282,0.004201680887490511,46.838043212890625,155.22923278808594,0.0,0.019322535023093224,0.0,0.0,0.0,0.249599888920784,0.07579733431339264,30.825542449951172,30.78865623474121,-2.078044440969825,1.6994061712175608,0.04248392954468727,-0.000645756721496582,0.05304131656885147,-0.012860681861639023,0.06079898029565811,-0.026071950793266296,0.03966686874628067,-0.02162199839949608,0.35499998927116394,-0.3466666555032134,0.3372446894645691,-0.26144735515117645,191.8719940185547,-161.04645156860352,aggressive,64,1,40,40,knot,8,0.125,0.7,0.08,0.18,0.28,0.002,0.004,0.008,0.75,0,0.0,0.0,/home/wujs/Projects/BrainStorm/Learning/RL/model-based/g1_wbc_testbed_motion_package_20260617/metadata/g1_wbc_reward_weights_method_specific_v14_20260612.json,True,True,-15.93281364440918,-5.513754367828369,True,False,3,3,-4.10556697845459,-4.825974464416504,0.35,0.5,0.05,0.5,0.12,0.5
jump,64,2,20,20,8,0.08,0.18,0.28,0,ok,0,15.407,/home/wujs/Projects/BrainStorm/Learning/RL/model-based/spider/outputs/g1_wbc_low_latency_tuning_20260619/jump_short_sweep/jump/jump_s64_i2_h20_c20_k8_sig0p08_0p18_0p28_seed0,/home/wujs/Projects/BrainStorm/Learning/RL/model-based/spider/outputs/g1_wbc_low_latency_tuning_20260619/jump_short_sweep/jump/jump_s64_i2_h20_c20_k8_sig0p08_0p18_0p28_seed0/metrics.json,/home/wujs/Projects/BrainStorm/Learning/RL/model-based/g1_wbc_testbed_motion_package_20260617/outputs/spider/jump/g1_wbc_joint_global/metrics.json,/home/wujs/Projects/BrainStorm/Learning/RL/model-based/g1_wbc_testbed_motion_package_20260617/input_motions/jump/motion.npz,g1_wbc_joint_global,/home/wujs/Projects/BrainStorm/Learning/RL/model-based/wxy/0608_ckpt_bc/model_8000.pt,cuda:0,120,/home/wujs/Projects/BrainStorm/Learning/RL/model-based/spider/.venv/bin/python -m spider.tasks.g1_wbc.evaluate --motion /home/wujs/Projects/BrainStorm/Learning/RL/model-based/g1_wbc_testbed_motion_package_20260617/input_motions/jump/motion.npz --motion-type isaaclab --checkpoint bc --method g1_wbc_joint_global --max-steps 120 --device cuda:0 --output-dir /home/wujs/Projects/BrainStorm/Learning/RL/model-based/spider/outputs/g1_wbc_low_latency_tuning_20260619/jump_short_sweep/jump/jump_s64_i2_h20_c20_k8_sig0p08_0p18_0p28_seed0 --mpc-preset aggressive --mpc-sampling-mode knot --mpc-knot-count 8 --mpc-samples 64 --mpc-iterations 2 --mpc-planning-horizon-steps 20 --mpc-control-steps 20 --mpc-temperature 0.7 --mpc-root-pos-sigma 0.08 --mpc-root-rot-sigma 0.18 --mpc-joint-sigma 0.28 --mpc-smooth-passes 0 --mpc-command-reg-weight 0.0 --mpc-command-smooth-weight 0.0 --mpc-guided-root-pos-gain 0.50 --mpc-guided-root-rot-gain 0.50 --mpc-guided-joint-gain 0.50 --mpc-guided-root-pos-clip 0.05 --mpc-guided-root-rot-clip 0.12 --mpc-guided-joint-clip 0.35 --mpc-guided-candidate --mpc-acceptance-gate --mpc-reward-weights /home/wujs/Projects/BrainStorm/Learning/RL/model-based/g1_wbc_testbed_motion_package_20260617/metadata/g1_wbc_reward_weights_method_specific_v14_20260612.json --nconmax-per-env 512 --njmax-per-env 2048 --seed 0,,120.0,-0.33503847662359476,True,0.039887189865112305,0.0672033280134201,0.0446765199303627,0.35825270414352417,1.241249918937683,0.038409195840358734,0.06986065208911896,0.010270060040056705,0.0684473067522049,0.03317638486623764,0.09745541214942932,0.017380574718117714,0.10415994375944138,0.04808886721730232,0.1774422824382782,0.019177893176674843,0.18497394025325775,0.004166666883975267,0.004166666883975267,0.0,0.004201680887490511,0.004201680887490511,46.755001068115234,143.93893432617188,0.0,0.016833849251270294,0.0,0.0,0.0,0.2533654272556305,0.0789184495806694,33.84591293334961,36.25341033935547,-2.078044440969825,1.7430059643462301,0.04248392954468727,-0.0025967396795749664,0.05304131656885147,-0.014632120728492737,0.06079898029565811,-0.02762259542942047,0.03966686874628067,-0.022286294028162956,0.35499998927116394,-0.3508333223871887,0.3372446894645691,-0.2583262398838997,191.8719940185547,-158.02608108520508,aggressive,64,2,20,20,knot,8,0.125,0.7,0.08,0.18,0.28,0.002,0.004,0.008,0.75,0,0.0,0.0,/home/wujs/Projects/BrainStorm/Learning/RL/model-based/g1_wbc_testbed_motion_package_20260617/metadata/g1_wbc_reward_weights_method_specific_v14_20260612.json,True,True,-9.460823059082031,-5.2482428550720215,True,False,6,6,-3.9193201065063477,-4.826157093048096,0.35,0.5,0.05,0.5,0.12,0.5
jump,64,2,20,40,8,0.08,0.18,0.28,0,ok,0,15.581,/home/wujs/Projects/BrainStorm/Learning/RL/model-based/spider/outputs/g1_wbc_low_latency_tuning_20260619/jump_short_sweep/jump/jump_s64_i2_h20_c40_k8_sig0p08_0p18_0p28_seed0,/home/wujs/Projects/BrainStorm/Learning/RL/model-based/spider/outputs/g1_wbc_low_latency_tuning_20260619/jump_short_sweep/jump/jump_s64_i2_h20_c40_k8_sig0p08_0p18_0p28_seed0/metrics.json,/home/wujs/Projects/BrainStorm/Learning/RL/model-based/g1_wbc_testbed_motion_package_20260617/outputs/spider/jump/g1_wbc_joint_global/metrics.json,/home/wujs/Projects/BrainStorm/Learning/RL/model-based/g1_wbc_testbed_motion_package_20260617/input_motions/jump/motion.npz,g1_wbc_joint_global,/home/wujs/Projects/BrainStorm/Learning/RL/model-based/wxy/0608_ckpt_bc/model_8000.pt,cuda:0,120,/home/wujs/Projects/BrainStorm/Learning/RL/model-based/spider/.venv/bin/python -m spider.tasks.g1_wbc.evaluate --motion /home/wujs/Projects/BrainStorm/Learning/RL/model-based/g1_wbc_testbed_motion_package_20260617/input_motions/jump/motion.npz --motion-type isaaclab --checkpoint bc --method g1_wbc_joint_global --max-steps 120 --device cuda:0 --output-dir /home/wujs/Projects/BrainStorm/Learning/RL/model-based/spider/outputs/g1_wbc_low_latency_tuning_20260619/jump_short_sweep/jump/jump_s64_i2_h20_c40_k8_sig0p08_0p18_0p28_seed0 --mpc-preset aggressive --mpc-sampling-mode knot --mpc-knot-count 8 --mpc-samples 64 --mpc-iterations 2 --mpc-planning-horizon-steps 20 --mpc-control-steps 40 --mpc-temperature 0.7 --mpc-root-pos-sigma 0.08 --mpc-root-rot-sigma 0.18 --mpc-joint-sigma 0.28 --mpc-smooth-passes 0 --mpc-command-reg-weight 0.0 --mpc-command-smooth-weight 0.0 --mpc-guided-root-pos-gain 0.50 --mpc-guided-root-rot-gain 0.50 --mpc-guided-joint-gain 0.50 --mpc-guided-root-pos-clip 0.05 --mpc-guided-root-rot-clip 0.12 --mpc-guided-joint-clip 0.35 --mpc-guided-candidate --mpc-acceptance-gate --mpc-reward-weights /home/wujs/Projects/BrainStorm/Learning/RL/model-based/g1_wbc_testbed_motion_package_20260617/metadata/g1_wbc_reward_weights_method_specific_v14_20260612.json --nconmax-per-env 512 --njmax-per-env 2048 --seed 0,,120.0,-0.33503666426986456,True,0.03988702967762947,0.06720287352800369,0.04467448592185974,0.3582524061203003,1.2412446737289429,0.03840905427932739,0.06985989958047867,0.010269992053508759,0.06844709068536758,0.033176302909851074,0.09745477885007858,0.01738046482205391,0.10415959358215332,0.048088815063238144,0.17744195461273193,0.019177813082933426,0.18497353792190552,0.004166666883975267,0.004166666883975267,0.0,0.004201680887490511,0.004201680887490511,46.8621826171875,162.7891845703125,0.0,0.01757677271962166,0.0,0.0,0.0,0.2533648908138275,0.07891815155744553,33.8457145690918,36.25299835205078,-2.078044440969825,1.7430077766999603,0.04248392954468727,-0.0025968998670578003,0.05304131656885147,-0.014632262289524078,0.06079898029565811,-0.027622677385807037,0.03966686874628067,-0.02228640392422676,0.35499998927116394,-0.3508333223871887,0.3372446894645691,-0.25832653790712357,191.8719940185547,-158.0262794494629,aggressive,64,2,20,40,knot,8,0.125,0.7,0.08,0.18,0.28,0.002,0.004,0.008,0.75,0,0.0,0.0,/home/wujs/Projects/BrainStorm/Learning/RL/model-based/g1_wbc_testbed_motion_package_20260617/metadata/g1_wbc_reward_weights_method_specific_v14_20260612.json,True,True,-9.506698608398438,-5.363388538360596,True,False,6,6,-3.9200446605682373,-4.8278961181640625,0.35,0.5,0.05,0.5,0.12,0.5
jump,64,2,40,20,8,0.08,0.18,0.28,0,ok,0,18.748,/home/wujs/Projects/BrainStorm/Learning/RL/model-based/spider/outputs/g1_wbc_low_latency_tuning_20260619/jump_short_sweep/jump/jump_s64_i2_h40_c20_k8_sig0p08_0p18_0p28_seed0,/home/wujs/Projects/BrainStorm/Learning/RL/model-based/spider/outputs/g1_wbc_low_latency_tuning_20260619/jump_short_sweep/jump/jump_s64_i2_h40_c20_k8_sig0p08_0p18_0p28_seed0/metrics.json,/home/wujs/Projects/BrainStorm/Learning/RL/model-based/g1_wbc_testbed_motion_package_20260617/outputs/spider/jump/g1_wbc_joint_global/metrics.json,/home/wujs/Projects/BrainStorm/Learning/RL/model-based/g1_wbc_testbed_motion_package_20260617/input_motions/jump/motion.npz,g1_wbc_joint_global,/home/wujs/Projects/BrainStorm/Learning/RL/model-based/wxy/0608_ckpt_bc/model_8000.pt,cuda:0,120,/home/wujs/Projects/BrainStorm/Learning/RL/model-based/spider/.venv/bin/python -m spider.tasks.g1_wbc.evaluate --motion /home/wujs/Projects/BrainStorm/Learning/RL/model-based/g1_wbc_testbed_motion_package_20260617/input_motions/jump/motion.npz --motion-type isaaclab --checkpoint bc --method g1_wbc_joint_global --max-steps 120 --device cuda:0 --output-dir /home/wujs/Projects/BrainStorm/Learning/RL/model-based/spider/outputs/g1_wbc_low_latency_tuning_20260619/jump_short_sweep/jump/jump_s64_i2_h40_c20_k8_sig0p08_0p18_0p28_seed0 --mpc-preset aggressive --mpc-sampling-mode knot --mpc-knot-count 8 --mpc-samples 64 --mpc-iterations 2 --mpc-planning-horizon-steps 40 --mpc-control-steps 20 --mpc-temperature 0.7 --mpc-root-pos-sigma 0.08 --mpc-root-rot-sigma 0.18 --mpc-joint-sigma 0.28 --mpc-smooth-passes 0 --mpc-command-reg-weight 0.0 --mpc-command-smooth-weight 0.0 --mpc-guided-root-pos-gain 0.50 --mpc-guided-root-rot-gain 0.50 --mpc-guided-joint-gain 0.50 --mpc-guided-root-pos-clip 0.05 --mpc-guided-root-rot-clip 0.12 --mpc-guided-joint-clip 0.35 --mpc-guided-candidate --mpc-acceptance-gate --mpc-reward-weights /home/wujs/Projects/BrainStorm/Learning/RL/model-based/g1_wbc_testbed_motion_package_20260617/metadata/g1_wbc_reward_weights_method_specific_v14_20260612.json --nconmax-per-env 512 --njmax-per-env 2048 --seed 0,,120.0,-0.3830508667975664,True,0.04243452474474907,0.07000323385000229,0.04332156106829643,0.3742041289806366,1.2336609363555908,0.04076017066836357,0.07245723158121109,0.01063084788620472,0.07169488817453384,0.03513830900192261,0.10065146535634995,0.018147358670830727,0.10777059197425842,0.050163257867097855,0.18438959121704102,0.02012781798839569,0.19270454347133636,0.008333333767950535,0.004166666883975267,0.004166666883975267,0.01260504312813282,0.004201680887490511,45.87763977050781,137.99755859375,0.0,0.01793574169278145,0.0,0.0,0.0,0.2533068358898163,0.07868402451276779,32.01106643676758,31.713523864746094,-2.078044440969825,1.6949935741722584,0.04248392954468727,-4.9404799938201904e-05,0.05304131656885147,-0.0122811459004879,0.06079898029565811,-0.025660671293735504,0.03966686874628067,-0.021519510075449944,0.35499998927116394,-0.3466666555032134,0.3372446894645691,-0.2585606649518013,191.8719940185547,-159.8609275817871,aggressive,64,2,40,20,knot,8,0.125,0.7,0.08,0.18,0.28,0.002,0.004,0.008,0.75,0,0.0,0.0,/home/wujs/Projects/BrainStorm/Learning/RL/model-based/g1_wbc_testbed_motion_package_20260617/metadata/g1_wbc_reward_weights_method_specific_v14_20260612.json,True,True,-9.712230682373047,-5.535376071929932,True,False,6,6,-4.15672492980957,-4.826622009277344,0.35,0.5,0.05,0.5,0.12,0.5
jump,64,2,40,40,8,0.08,0.18,0.28,0,ok,0,12.689,/home/wujs/Projects/BrainStorm/Learning/RL/model-based/spider/outputs/g1_wbc_low_latency_tuning_20260619/jump_short_sweep/jump/jump_s64_i2_h40_c40_k8_sig0p08_0p18_0p28_seed0,/home/wujs/Projects/BrainStorm/Learning/RL/model-based/spider/outputs/g1_wbc_low_latency_tuning_20260619/jump_short_sweep/jump/jump_s64_i2_h40_c40_k8_sig0p08_0p18_0p28_seed0/metrics.json,/home/wujs/Projects/BrainStorm/Learning/RL/model-based/g1_wbc_testbed_motion_package_20260617/outputs/spider/jump/g1_wbc_joint_global/metrics.json,/home/wujs/Projects/BrainStorm/Learning/RL/model-based/g1_wbc_testbed_motion_package_20260617/input_motions/jump/motion.npz,g1_wbc_joint_global,/home/wujs/Projects/BrainStorm/Learning/RL/model-based/wxy/0608_ckpt_bc/model_8000.pt,cuda:0,120,/home/wujs/Projects/BrainStorm/Learning/RL/model-based/spider/.venv/bin/python -m spider.tasks.g1_wbc.evaluate --motion /home/wujs/Projects/BrainStorm/Learning/RL/model-based/g1_wbc_testbed_motion_package_20260617/input_motions/jump/motion.npz --motion-type isaaclab --checkpoint bc --method g1_wbc_joint_global --max-steps 120 --device cuda:0 --output-dir /home/wujs/Projects/BrainStorm/Learning/RL/model-based/spider/outputs/g1_wbc_low_latency_tuning_20260619/jump_short_sweep/jump/jump_s64_i2_h40_c40_k8_sig0p08_0p18_0p28_seed0 --mpc-preset aggressive --mpc-sampling-mode knot --mpc-knot-count 8 --mpc-samples 64 --mpc-iterations 2 --mpc-planning-horizon-steps 40 --mpc-control-steps 40 --mpc-temperature 0.7 --mpc-root-pos-sigma 0.08 --mpc-root-rot-sigma 0.18 --mpc-joint-sigma 0.28 --mpc-smooth-passes 0 --mpc-command-reg-weight 0.0 --mpc-command-smooth-weight 0.0 --mpc-guided-root-pos-gain 0.50 --mpc-guided-root-rot-gain 0.50 --mpc-guided-joint-gain 0.50 --mpc-guided-root-pos-clip 0.05 --mpc-guided-root-rot-clip 0.12 --mpc-guided-joint-clip 0.35 --mpc-guided-candidate --mpc-acceptance-gate --mpc-reward-weights /home/wujs/Projects/BrainStorm/Learning/RL/model-based/g1_wbc_testbed_motion_package_20260617/metadata/g1_wbc_reward_weights_method_specific_v14_20260612.json --nconmax-per-env 512 --njmax-per-env 2048 --seed 0,,120.0,-0.40194495357573035,True,0.04236944392323494,0.06966705620288849,0.04427358880639076,0.3783625364303589,1.2438671588897705,0.04058965668082237,0.07479899376630783,0.010917152278125286,0.07425816357135773,0.03501148894429207,0.10332456231117249,0.018751686438918114,0.11118055880069733,0.04960790276527405,0.1889910101890564,0.02152615785598755,0.1983148455619812,0.008333333767950535,0.004166666883975267,0.004166666883975267,0.021008403971791267,0.004201680887490511,45.77368927001953,137.9154052734375,0.0,0.018978578969836235,0.0,0.0,0.0,0.24738888442516327,0.07550752907991409,30.122926712036133,29.395374298095703,-2.078044440969825,1.6760994873940946,0.04248392954468727,-0.00011448562145233154,0.05304131656885147,-0.012451659888029099,0.06079898029565811,-0.025787491351366043,0.03966686874628067,-0.020915182307362556,0.35499998927116394,-0.3466666555032134,0.3372446894645691,-0.261737160384655,191.8719940185547,-161.74906730651855,aggressive,64,2,40,40,knot,8,0.125,0.7,0.08,0.18,0.28,0.002,0.004,0.008,0.75,0,0.0,0.0,/home/wujs/Projects/BrainStorm/Learning/RL/model-based/g1_wbc_testbed_motion_package_20260617/metadata/g1_wbc_reward_weights_method_specific_v14_20260612.json,True,True,-8.658384323120117,-5.699927806854248,True,False,3,3,-4.215403079986572,-4.827252388000488,0.35,0.5,0.05,0.5,0.12,0.5
jump,128,1,20,20,8,0.08,0.18,0.28,0,ok,0,12.975,/home/wujs/Projects/BrainStorm/Learning/RL/model-based/spider/outputs/g1_wbc_low_latency_tuning_20260619/jump_short_sweep/jump/jump_s128_i1_h20_c20_k8_sig0p08_0p18_0p28_seed0,/home/wujs/Projects/BrainStorm/Learning/RL/model-based/spider/outputs/g1_wbc_low_latency_tuning_20260619/jump_short_sweep/jump/jump_s128_i1_h20_c20_k8_sig0p08_0p18_0p28_seed0/metrics.json,/home/wujs/Projects/BrainStorm/Learning/RL/model-based/g1_wbc_testbed_motion_package_20260617/outputs/spider/jump/g1_wbc_joint_global/metrics.json,/home/wujs/Projects/BrainStorm/Learning/RL/model-based/g1_wbc_testbed_motion_package_20260617/input_motions/jump/motion.npz,g1_wbc_joint_global,/home/wujs/Projects/BrainStorm/Learning/RL/model-based/wxy/0608_ckpt_bc/model_8000.pt,cuda:0,120,/home/wujs/Projects/BrainStorm/Learning/RL/model-based/spider/.venv/bin/python -m spider.tasks.g1_wbc.evaluate --motion /home/wujs/Projects/BrainStorm/Learning/RL/model-based/g1_wbc_testbed_motion_package_20260617/input_motions/jump/motion.npz --motion-type isaaclab --checkpoint bc --method g1_wbc_joint_global --max-steps 120 --device cuda:0 --output-dir /home/wujs/Projects/BrainStorm/Learning/RL/model-based/spider/outputs/g1_wbc_low_latency_tuning_20260619/jump_short_sweep/jump/jump_s128_i1_h20_c20_k8_sig0p08_0p18_0p28_seed0 --mpc-preset aggressive --mpc-sampling-mode knot --mpc-knot-count 8 --mpc-samples 128 --mpc-iterations 1 --mpc-planning-horizon-steps 20 --mpc-control-steps 20 --mpc-temperature 0.7 --mpc-root-pos-sigma 0.08 --mpc-root-rot-sigma 0.18 --mpc-joint-sigma 0.28 --mpc-smooth-passes 0 --mpc-command-reg-weight 0.0 --mpc-command-smooth-weight 0.0 --mpc-guided-root-pos-gain 0.50 --mpc-guided-root-rot-gain 0.50 --mpc-guided-joint-gain 0.50 --mpc-guided-root-pos-clip 0.05 --mpc-guided-root-rot-clip 0.12 --mpc-guided-joint-clip 0.35 --mpc-guided-candidate --mpc-acceptance-gate --mpc-reward-weights /home/wujs/Projects/BrainStorm/Learning/RL/model-based/g1_wbc_testbed_motion_package_20260617/metadata/g1_wbc_reward_weights_method_specific_v14_20260612.json --nconmax-per-env 512 --njmax-per-env 2048 --seed 0,,120.0,-0.33503821548074486,True,0.03988724574446678,0.06720325350761414,0.04467592388391495,0.3582525849342346,1.241249918937683,0.03840923309326172,0.06986043602228165,0.010270043276250362,0.0684472918510437,0.03317640349268913,0.09745525568723679,0.01738053932785988,0.10415997356176376,0.04808884486556053,0.1774422973394394,0.019177844747900963,0.18497395515441895,0.004166666883975267,0.004166666883975267,0.0,0.004201680887490511,0.004201680887490511,46.63045120239258,186.84927368164062,0.0,0.01839064061641693,0.0,0.0,0.0,0.2533653974533081,0.07891840487718582,33.846031188964844,36.25370407104492,-2.078044440969825,1.7430062254890801,0.04248392954468727,-0.0025966838002204895,0.05304131656885147,-0.014632083475589752,0.06079898029565811,-0.02762257680296898,0.03966686874628067,-0.02228632941842079,0.35499998927116394,-0.3508333223871887,0.3372446894645691,-0.25832628458738327,191.8719940185547,-158.02596282958984,aggressive,128,1,20,20,knot,8,0.125,0.7,0.08,0.18,0.28,0.002,0.004,0.008,0.75,0,0.0,0.0,/home/wujs/Projects/BrainStorm/Learning/RL/model-based/g1_wbc_testbed_motion_package_20260617/metadata/g1_wbc_reward_weights_method_specific_v14_20260612.json,True,True,-14.188027381896973,-5.293009281158447,True,False,6,6,-3.920876979827881,-4.8284478187561035,0.35,0.5,0.05,0.5,0.12,0.5
jump,128,1,20,40,8,0.08,0.18,0.28,0,ok,0,12.804,/home/wujs/Projects/BrainStorm/Learning/RL/model-based/spider/outputs/g1_wbc_low_latency_tuning_20260619/jump_short_sweep/jump/jump_s128_i1_h20_c40_k8_sig0p08_0p18_0p28_seed0,/home/wujs/Projects/BrainStorm/Learning/RL/model-based/spider/outputs/g1_wbc_low_latency_tuning_20260619/jump_short_sweep/jump/jump_s128_i1_h20_c40_k8_sig0p08_0p18_0p28_seed0/metrics.json,/home/wujs/Projects/BrainStorm/Learning/RL/model-based/g1_wbc_testbed_motion_package_20260617/outputs/spider/jump/g1_wbc_joint_global/metrics.json,/home/wujs/Projects/BrainStorm/Learning/RL/model-based/g1_wbc_testbed_motion_package_20260617/input_motions/jump/motion.npz,g1_wbc_joint_global,/home/wujs/Projects/BrainStorm/Learning/RL/model-based/wxy/0608_ckpt_bc/model_8000.pt,cuda:0,120,/home/wujs/Projects/BrainStorm/Learning/RL/model-based/spider/.venv/bin/python -m spider.tasks.g1_wbc.evaluate --motion /home/wujs/Projects/BrainStorm/Learning/RL/model-based/g1_wbc_testbed_motion_package_20260617/input_motions/jump/motion.npz --motion-type isaaclab --checkpoint bc --method g1_wbc_joint_global --max-steps 120 --device cuda:0 --output-dir /home/wujs/Projects/BrainStorm/Learning/RL/model-based/spider/outputs/g1_wbc_low_latency_tuning_20260619/jump_short_sweep/jump/jump_s128_i1_h20_c40_k8_sig0p08_0p18_0p28_seed0 --mpc-preset aggressive --mpc-sampling-mode knot --mpc-knot-count 8 --mpc-samples 128 --mpc-iterations 1 --mpc-planning-horizon-steps 20 --mpc-control-steps 40 --mpc-temperature 0.7 --mpc-root-pos-sigma 0.08 --mpc-root-rot-sigma 0.18 --mpc-joint-sigma 0.28 --mpc-smooth-passes 0 --mpc-command-reg-weight 0.0 --mpc-command-smooth-weight 0.0 --mpc-guided-root-pos-gain 0.50 --mpc-guided-root-rot-gain 0.50 --mpc-guided-joint-gain 0.50 --mpc-guided-root-pos-clip 0.05 --mpc-guided-root-rot-clip 0.12 --mpc-guided-joint-clip 0.35 --mpc-guided-candidate --mpc-acceptance-gate --mpc-reward-weights /home/wujs/Projects/BrainStorm/Learning/RL/model-based/g1_wbc_testbed_motion_package_20260617/metadata/g1_wbc_reward_weights_method_specific_v14_20260612.json --nconmax-per-env 512 --njmax-per-env 2048 --seed 0,,120.0,-0.33504695873707535,True,0.03988862782716751,0.06720332056283951,0.044683340936899185,0.3582511246204376,1.2412043809890747,0.03840953856706619,0.06986154615879059,0.010272035375237465,0.06845121085643768,0.033177267760038376,0.0974530354142189,0.017381886020302773,0.10416232794523239,0.048089396208524704,0.17744356393814087,0.01918330043554306,0.18497507274150848,0.004166666883975267,0.004166666883975267,0.0,0.004201680887490511,0.004201680887490511,46.8360481262207,162.29226684570312,0.0,0.017170773819088936,0.0,0.0,0.0,0.25327831506729126,0.078879214823246,33.83370590209961,36.232505798339844,-2.078044440969825,1.7429974822327496,0.04248392954468727,-0.00259530171751976,0.05304131656885147,-0.014631778001785278,0.06079898029565811,-0.027621712535619736,0.03966686874628067,-0.022284982725977898,0.35499998927116394,-0.3508333223871887,0.3372446894645691,-0.2583654746413231,191.8719940185547,-158.03828811645508,aggressive,128,1,20,40,knot,8,0.125,0.7,0.08,0.18,0.28,0.002,0.004,0.008,0.75,0,0.0,0.0,/home/wujs/Projects/BrainStorm/Learning/RL/model-based/g1_wbc_testbed_motion_package_20260617/metadata/g1_wbc_reward_weights_method_specific_v14_20260612.json,True,True,-14.19853687286377,-5.33524751663208,True,False,6,6,-3.9196105003356934,-4.827252388000488,0.35,0.5,0.05,0.5,0.12,0.5
jump,128,1,40,20,8,0.08,0.18,0.28,0,ok,0,15.059,/home/wujs/Projects/BrainStorm/Learning/RL/model-based/spider/outputs/g1_wbc_low_latency_tuning_20260619/jump_short_sweep/jump/jump_s128_i1_h40_c20_k8_sig0p08_0p18_0p28_seed0,/home/wujs/Projects/BrainStorm/Learning/RL/model-based/spider/outputs/g1_wbc_low_latency_tuning_20260619/jump_short_sweep/jump/jump_s128_i1_h40_c20_k8_sig0p08_0p18_0p28_seed0/metrics.json,/home/wujs/Projects/BrainStorm/Learning/RL/model-based/g1_wbc_testbed_motion_package_20260617/outputs/spider/jump/g1_wbc_joint_global/metrics.json,/home/wujs/Projects/BrainStorm/Learning/RL/model-based/g1_wbc_testbed_motion_package_20260617/input_motions/jump/motion.npz,g1_wbc_joint_global,/home/wujs/Projects/BrainStorm/Learning/RL/model-based/wxy/0608_ckpt_bc/model_8000.pt,cuda:0,120,/home/wujs/Projects/BrainStorm/Learning/RL/model-based/spider/.venv/bin/python -m spider.tasks.g1_wbc.evaluate --motion /home/wujs/Projects/BrainStorm/Learning/RL/model-based/g1_wbc_testbed_motion_package_20260617/input_motions/jump/motion.npz --motion-type isaaclab --checkpoint bc --method g1_wbc_joint_global --max-steps 120 --device cuda:0 --output-dir /home/wujs/Projects/BrainStorm/Learning/RL/model-based/spider/outputs/g1_wbc_low_latency_tuning_20260619/jump_short_sweep/jump/jump_s128_i1_h40_c20_k8_sig0p08_0p18_0p28_seed0 --mpc-preset aggressive --mpc-sampling-mode knot --mpc-knot-count 8 --mpc-samples 128 --mpc-iterations 1 --mpc-planning-horizon-steps 40 --mpc-control-steps 20 --mpc-temperature 0.7 --mpc-root-pos-sigma 0.08 --mpc-root-rot-sigma 0.18 --mpc-joint-sigma 0.28 --mpc-smooth-passes 0 --mpc-command-reg-weight 0.0 --mpc-command-smooth-weight 0.0 --mpc-guided-root-pos-gain 0.50 --mpc-guided-root-rot-gain 0.50 --mpc-guided-joint-gain 0.50 --mpc-guided-root-pos-clip 0.05 --mpc-guided-root-rot-clip 0.12 --mpc-guided-joint-clip 0.35 --mpc-guided-candidate --mpc-acceptance-gate --mpc-reward-weights /home/wujs/Projects/BrainStorm/Learning/RL/model-based/g1_wbc_testbed_motion_package_20260617/metadata/g1_wbc_reward_weights_method_specific_v14_20260612.json --nconmax-per-env 512 --njmax-per-env 2048 --seed 0,,120.0,-0.3446396803483367,True,0.041916899383068085,0.06958119571208954,0.04281289502978325,0.3660520911216736,1.2199259996414185,0.04040130600333214,0.0706370621919632,0.010358769446611404,0.06961484253406525,0.034928303211927414,0.09832298010587692,0.017580315470695496,0.10515275597572327,0.05004144832491875,0.17997191846370697,0.019461408257484436,0.18796296417713165,0.004166666883975267,0.004166666883975267,0.0,0.004201680887490511,0.004201680887490511,46.98568344116211,156.94667053222656,0.0,0.01638702116906643,0.0,0.0,0.0,0.2485349178314209,0.07658582180738449,32.90605545043945,34.340396881103516,-2.078044440969825,1.7334047606214882,0.04248392954468727,-0.0005670301616191864,0.05304131656885147,-0.012640010565519333,0.06079898029565811,-0.025870677083730698,0.03966686874628067,-0.022086553275585175,0.35499998927116394,-0.3508333223871887,0.3372446894645691,-0.2606588676571846,191.8719940185547,-158.96593856811523,aggressive,128,1,40,20,knot,8,0.125,0.7,0.08,0.18,0.28,0.002,0.004,0.008,0.75,0,0.0,0.0,/home/wujs/Projects/BrainStorm/Learning/RL/model-based/g1_wbc_testbed_motion_package_20260617/metadata/g1_wbc_reward_weights_method_specific_v14_20260612.json,True,True,-14.229963302612305,-5.3494486808776855,True,False,6,6,-4.057291507720947,-4.828155040740967,0.35,0.5,0.05,0.5,0.12,0.5
jump,128,1,40,40,8,0.08,0.18,0.28,0,ok,0,10.799,/home/wujs/Projects/BrainStorm/Learning/RL/model-based/spider/outputs/g1_wbc_low_latency_tuning_20260619/jump_short_sweep/jump/jump_s128_i1_h40_c40_k8_sig0p08_0p18_0p28_seed0,/home/wujs/Projects/BrainStorm/Learning/RL/model-based/spider/outputs/g1_wbc_low_latency_tuning_20260619/jump_short_sweep/jump/jump_s128_i1_h40_c40_k8_sig0p08_0p18_0p28_seed0/metrics.json,/home/wujs/Projects/BrainStorm/Learning/RL/model-based/g1_wbc_testbed_motion_package_20260617/outputs/spider/jump/g1_wbc_joint_global/metrics.json,/home/wujs/Projects/BrainStorm/Learning/RL/model-based/g1_wbc_testbed_motion_package_20260617/input_motions/jump/motion.npz,g1_wbc_joint_global,/home/wujs/Projects/BrainStorm/Learning/RL/model-based/wxy/0608_ckpt_bc/model_8000.pt,cuda:0,120,/home/wujs/Projects/BrainStorm/Learning/RL/model-based/spider/.venv/bin/python -m spider.tasks.g1_wbc.evaluate --motion /home/wujs/Projects/BrainStorm/Learning/RL/model-based/g1_wbc_testbed_motion_package_20260617/input_motions/jump/motion.npz --motion-type isaaclab --checkpoint bc --method g1_wbc_joint_global --max-steps 120 --device cuda:0 --output-dir /home/wujs/Projects/BrainStorm/Learning/RL/model-based/spider/outputs/g1_wbc_low_latency_tuning_20260619/jump_short_sweep/jump/jump_s128_i1_h40_c40_k8_sig0p08_0p18_0p28_seed0 --mpc-preset aggressive --mpc-sampling-mode knot --mpc-knot-count 8 --mpc-samples 128 --mpc-iterations 1 --mpc-planning-horizon-steps 40 --mpc-control-steps 40 --mpc-temperature 0.7 --mpc-root-pos-sigma 0.08 --mpc-root-rot-sigma 0.18 --mpc-joint-sigma 0.28 --mpc-smooth-passes 0 --mpc-command-reg-weight 0.0 --mpc-command-smooth-weight 0.0 --mpc-guided-root-pos-gain 0.50 --mpc-guided-root-rot-gain 0.50 --mpc-guided-joint-gain 0.50 --mpc-guided-root-pos-clip 0.05 --mpc-guided-root-rot-clip 0.12 --mpc-guided-joint-clip 0.35 --mpc-guided-candidate --mpc-acceptance-gate --mpc-reward-weights /home/wujs/Projects/BrainStorm/Learning/RL/model-based/g1_wbc_testbed_motion_package_20260617/metadata/g1_wbc_reward_weights_method_specific_v14_20260612.json --nconmax-per-env 512 --njmax-per-env 2048 --seed 0,,120.0,-0.37863584570586684,True,0.04183761775493622,0.06920316070318222,0.04404173418879509,0.36502280831336975,1.2208737134933472,0.040180135518312454,0.0720498114824295,0.010548493824899197,0.07109703868627548,0.03472664952278137,0.09972197562456131,0.018044807016849518,0.10714474320411682,0.04945947974920273,0.1825178563594818,0.020417852327227592,0.19124585390090942,0.008333333767950535,0.004166666883975267,0.004166666883975267,0.01260504312813282,0.004201680887490511,46.7686882019043,163.80868530273438,0.0,0.01979968138039112,0.0,0.0,0.0,0.2495996356010437,0.07579731941223145,30.825477600097656,30.7884521484375,-2.078044440969825,1.6994085952639582,0.04248392954468727,-0.0006463117897510529,0.05304131656885147,-0.012861181050539017,0.06079898029565811,-0.02607233077287674,0.03966686874628067,-0.021622061729431152,0.35499998927116394,-0.3466666555032134,0.3372446894645691,-0.26144737005233765,191.8719940185547,-161.04651641845703,aggressive,128,1,40,40,knot,8,0.125,0.7,0.08,0.18,0.28,0.002,0.004,0.008,0.75,0,0.0,0.0,/home/wujs/Projects/BrainStorm/Learning/RL/model-based/g1_wbc_testbed_motion_package_20260617/metadata/g1_wbc_reward_weights_method_specific_v14_20260612.json,True,True,-15.836357116699219,-5.564632415771484,True,False,3,3,-4.106008052825928,-4.825623512268066,0.35,0.5,0.05,0.5,0.12,0.5
jump,128,2,20,20,8,0.08,0.18,0.28,0,ok,0,18.051,/home/wujs/Projects/BrainStorm/Learning/RL/model-based/spider/outputs/g1_wbc_low_latency_tuning_20260619/jump_short_sweep/jump/jump_s128_i2_h20_c20_k8_sig0p08_0p18_0p28_seed0,/home/wujs/Projects/BrainStorm/Learning/RL/model-based/spider/outputs/g1_wbc_low_latency_tuning_20260619/jump_short_sweep/jump/jump_s128_i2_h20_c20_k8_sig0p08_0p18_0p28_seed0/metrics.json,/home/wujs/Projects/BrainStorm/Learning/RL/model-based/g1_wbc_testbed_motion_package_20260617/outputs/spider/jump/g1_wbc_joint_global/metrics.json,/home/wujs/Projects/BrainStorm/Learning/RL/model-based/g1_wbc_testbed_motion_package_20260617/input_motions/jump/motion.npz,g1_wbc_joint_global,/home/wujs/Projects/BrainStorm/Learning/RL/model-based/wxy/0608_ckpt_bc/model_8000.pt,cuda:0,120,/home/wujs/Projects/BrainStorm/Learning/RL/model-based/spider/.venv/bin/python -m spider.tasks.g1_wbc.evaluate --motion /home/wujs/Projects/BrainStorm/Learning/RL/model-based/g1_wbc_testbed_motion_package_20260617/input_motions/jump/motion.npz --motion-type isaaclab --checkpoint bc --method g1_wbc_joint_global --max-steps 120 --device cuda:0 --output-dir /home/wujs/Projects/BrainStorm/Learning/RL/model-based/spider/outputs/g1_wbc_low_latency_tuning_20260619/jump_short_sweep/jump/jump_s128_i2_h20_c20_k8_sig0p08_0p18_0p28_seed0 --mpc-preset aggressive --mpc-sampling-mode knot --mpc-knot-count 8 --mpc-samples 128 --mpc-iterations 2 --mpc-planning-horizon-steps 20 --mpc-control-steps 20 --mpc-temperature 0.7 --mpc-root-pos-sigma 0.08 --mpc-root-rot-sigma 0.18 --mpc-joint-sigma 0.28 --mpc-smooth-passes 0 --mpc-command-reg-weight 0.0 --mpc-command-smooth-weight 0.0 --mpc-guided-root-pos-gain 0.50 --mpc-guided-root-rot-gain 0.50 --mpc-guided-joint-gain 0.50 --mpc-guided-root-pos-clip 0.05 --mpc-guided-root-rot-clip 0.12 --mpc-guided-joint-clip 0.35 --mpc-guided-candidate --mpc-acceptance-gate --mpc-reward-weights /home/wujs/Projects/BrainStorm/Learning/RL/model-based/g1_wbc_testbed_motion_package_20260617/metadata/g1_wbc_reward_weights_method_specific_v14_20260612.json --nconmax-per-env 512 --njmax-per-env 2048 --seed 0,,120.0,-0.33504648972302675,True,0.03988846018910408,0.06720340996980667,0.044683873653411865,0.3582512438297272,1.2412030696868896,0.03840936720371246,0.0698617473244667,0.010272037237882614,0.06845112890005112,0.03317708149552345,0.09745316207408905,0.017381906509399414,0.10416199266910553,0.048089317977428436,0.17744368314743042,0.019183343276381493,0.18497507274150848,0.004166666883975267,0.004166666883975267,0.0,0.004201680887490511,0.004201680887490511,46.87155532836914,162.2815399169922,0.0,0.01754584163427353,0.0,0.0,0.0,0.2532784044742584,0.07887929677963257,33.83357238769531,36.23222351074219,-2.078044440969825,1.7429979512467981,0.04248392954468727,-0.002595469355583191,0.05304131656885147,-0.014631949365139008,0.06079898029565811,-0.02762189880013466,0.03966686874628067,-0.022284962236881256,0.35499998927116394,-0.3508333223871887,0.3372446894645691,-0.2583653926849365,191.8719940185547,-158.03842163085938,aggressive,128,2,20,20,knot,8,0.125,0.7,0.08,0.18,0.28,0.002,0.004,0.008,0.75,0,0.0,0.0,/home/wujs/Projects/BrainStorm/Learning/RL/model-based/g1_wbc_testbed_motion_package_20260617/metadata/g1_wbc_reward_weights_method_specific_v14_20260612.json,True,True,-9.64365291595459,-5.282815933227539,True,False,6,6,-3.9199752807617188,-4.827695846557617,0.35,0.5,0.05,0.5,0.12,0.5
jump,128,2,20,40,8,0.08,0.18,0.28,0,ok,0,16.66,/home/wujs/Projects/BrainStorm/Learning/RL/model-based/spider/outputs/g1_wbc_low_latency_tuning_20260619/jump_short_sweep/jump/jump_s128_i2_h20_c40_k8_sig0p08_0p18_0p28_seed0,/home/wujs/Projects/BrainStorm/Learning/RL/model-based/spider/outputs/g1_wbc_low_latency_tuning_20260619/jump_short_sweep/jump/jump_s128_i2_h20_c40_k8_sig0p08_0p18_0p28_seed0/metrics.json,/home/wujs/Projects/BrainStorm/Learning/RL/model-based/g1_wbc_testbed_motion_package_20260617/outputs/spider/jump/g1_wbc_joint_global/metrics.json,/home/wujs/Projects/BrainStorm/Learning/RL/model-based/g1_wbc_testbed_motion_package_20260617/input_motions/jump/motion.npz,g1_wbc_joint_global,/home/wujs/Projects/BrainStorm/Learning/RL/model-based/wxy/0608_ckpt_bc/model_8000.pt,cuda:0,120,/home/wujs/Projects/BrainStorm/Learning/RL/model-based/spider/.venv/bin/python -m spider.tasks.g1_wbc.evaluate --motion /home/wujs/Projects/BrainStorm/Learning/RL/model-based/g1_wbc_testbed_motion_package_20260617/input_motions/jump/motion.npz --motion-type isaaclab --checkpoint bc --method g1_wbc_joint_global --max-steps 120 --device cuda:0 --output-dir /home/wujs/Projects/BrainStorm/Learning/RL/model-based/spider/outputs/g1_wbc_low_latency_tuning_20260619/jump_short_sweep/jump/jump_s128_i2_h20_c40_k8_sig0p08_0p18_0p28_seed0 --mpc-preset aggressive --mpc-sampling-mode knot --mpc-knot-count 8 --mpc-samples 128 --mpc-iterations 2 --mpc-planning-horizon-steps 20 --mpc-control-steps 40 --mpc-temperature 0.7 --mpc-root-pos-sigma 0.08 --mpc-root-rot-sigma 0.18 --mpc-joint-sigma 0.28 --mpc-smooth-passes 0 --mpc-command-reg-weight 0.0 --mpc-command-smooth-weight 0.0 --mpc-guided-root-pos-gain 0.50 --mpc-guided-root-rot-gain 0.50 --mpc-guided-joint-gain 0.50 --mpc-guided-root-pos-clip 0.05 --mpc-guided-root-rot-clip 0.12 --mpc-guided-joint-clip 0.35 --mpc-guided-candidate --mpc-acceptance-gate --mpc-reward-weights /home/wujs/Projects/BrainStorm/Learning/RL/model-based/g1_wbc_testbed_motion_package_20260617/metadata/g1_wbc_reward_weights_method_specific_v14_20260612.json --nconmax-per-env 512 --njmax-per-env 2048 --seed 0,,120.0,-0.3350455040112138,True,0.03988854959607124,0.06720349937677383,0.04468146711587906,0.3582507073879242,1.2411988973617554,0.03840950131416321,0.06986088305711746,0.010271926410496235,0.06845088303089142,0.033177297562360764,0.09745221585035324,0.017381705343723297,0.10416172444820404,0.048089537769556046,0.17744310200214386,0.01918318122625351,0.18497441709041595,0.004166666883975267,0.004166666883975267,0.0,0.004201680887490511,0.004201680887490511,46.68163299560547,143.5965576171875,0.0,0.01653638668358326,0.0,0.0,0.0,0.253277450799942,0.0788787305355072,33.83366012573242,36.23252868652344,-2.078044440969825,1.7429989369586112,0.04248392954468727,-0.002595379948616028,0.05304131656885147,-0.014631815254688263,0.06079898029565811,-0.027621682733297348,0.03966686874628067,-0.022285163402557373,0.35499998927116394,-0.3508333223871887,0.3372446894645691,-0.2583659589290619,191.8719940185547,-158.03833389282227,aggressive,128,2,20,40,knot,8,0.125,0.7,0.08,0.18,0.28,0.002,0.004,0.008,0.75,0,0.0,0.0,/home/wujs/Projects/BrainStorm/Learning/RL/model-based/g1_wbc_testbed_motion_package_20260617/metadata/g1_wbc_reward_weights_method_specific_v14_20260612.json,True,True,-9.684617042541504,-5.267702579498291,True,False,6,6,-3.918966054916382,-4.8261213302612305,0.35,0.5,0.05,0.5,0.12,0.5
jump,128,2,40,20,8,0.08,0.18,0.28,0,ok,0,20.289,/home/wujs/Projects/BrainStorm/Learning/RL/model-based/spider/outputs/g1_wbc_low_latency_tuning_20260619/jump_short_sweep/jump/jump_s128_i2_h40_c20_k8_sig0p08_0p18_0p28_seed0,/home/wujs/Projects/BrainStorm/Learning/RL/model-based/spider/outputs/g1_wbc_low_latency_tuning_20260619/jump_short_sweep/jump/jump_s128_i2_h40_c20_k8_sig0p08_0p18_0p28_seed0/metrics.json,/home/wujs/Projects/BrainStorm/Learning/RL/model-based/g1_wbc_testbed_motion_package_20260617/outputs/spider/jump/g1_wbc_joint_global/metrics.json,/home/wujs/Projects/BrainStorm/Learning/RL/model-based/g1_wbc_testbed_motion_package_20260617/input_motions/jump/motion.npz,g1_wbc_joint_global,/home/wujs/Projects/BrainStorm/Learning/RL/model-based/wxy/0608_ckpt_bc/model_8000.pt,cuda:0,120,/home/wujs/Projects/BrainStorm/Learning/RL/model-based/spider/.venv/bin/python -m spider.tasks.g1_wbc.evaluate --motion /home/wujs/Projects/BrainStorm/Learning/RL/model-based/g1_wbc_testbed_motion_package_20260617/input_motions/jump/motion.npz --motion-type isaaclab --checkpoint bc --method g1_wbc_joint_global --max-steps 120 --device cuda:0 --output-dir /home/wujs/Projects/BrainStorm/Learning/RL/model-based/spider/outputs/g1_wbc_low_latency_tuning_20260619/jump_short_sweep/jump/jump_s128_i2_h40_c20_k8_sig0p08_0p18_0p28_seed0 --mpc-preset aggressive --mpc-sampling-mode knot --mpc-knot-count 8 --mpc-samples 128 --mpc-iterations 2 --mpc-planning-horizon-steps 40 --mpc-control-steps 20 --mpc-temperature 0.7 --mpc-root-pos-sigma 0.08 --mpc-root-rot-sigma 0.18 --mpc-joint-sigma 0.28 --mpc-smooth-passes 0 --mpc-command-reg-weight 0.0 --mpc-command-smooth-weight 0.0 --mpc-guided-root-pos-gain 0.50 --mpc-guided-root-rot-gain 0.50 --mpc-guided-joint-gain 0.50 --mpc-guided-root-pos-clip 0.05 --mpc-guided-root-rot-clip 0.12 --mpc-guided-joint-clip 0.35 --mpc-guided-candidate --mpc-acceptance-gate --mpc-reward-weights /home/wujs/Projects/BrainStorm/Learning/RL/model-based/g1_wbc_testbed_motion_package_20260617/metadata/g1_wbc_reward_weights_method_specific_v14_20260612.json --nconmax-per-env 512 --njmax-per-env 2048 --seed 0,,120.0,-0.34464476760476825,True,0.04191760718822479,0.06958270817995071,0.042817696928977966,0.36605244874954224,1.2199300527572632,0.040401849895715714,0.07063817232847214,0.010358945466578007,0.06961539387702942,0.0349285863339901,0.09832346439361572,0.017580650746822357,0.10515341907739639,0.05004166439175606,0.17997168004512787,0.01946171000599861,0.1879630833864212,0.004166666883975267,0.004166666883975267,0.0,0.004201680887490511,0.004201680887490511,46.963558197021484,152.28634643554688,0.0,0.01682336814701557,0.0,0.0,0.0,0.248535618185997,0.07658612728118896,32.90584182739258,34.33992385864258,-2.078044440969825,1.7333996733650565,0.04248392954468727,-0.0005663223564624786,0.05304131656885147,-0.012639466673135757,0.06079898029565811,-0.025870393961668015,0.03966686874628067,-0.022086217999458313,0.35499998927116394,-0.3508333223871887,0.3372446894645691,-0.2606585621833801,191.8719940185547,-158.9661521911621,aggressive,128,2,40,20,knot,8,0.125,0.7,0.08,0.18,0.28,0.002,0.004,0.008,0.75,0,0.0,0.0,/home/wujs/Projects/BrainStorm/Learning/RL/model-based/g1_wbc_testbed_motion_package_20260617/metadata/g1_wbc_reward_weights_method_specific_v14_20260612.json,True,True,-9.728804588317871,-5.346212387084961,True,False,6,6,-4.057774066925049,-4.826461315155029,0.35,0.5,0.05,0.5,0.12,0.5
jump,128,2,40,40,8,0.08,0.18,0.28,0,ok,0,13.645,/home/wujs/Projects/BrainStorm/Learning/RL/model-based/spider/outputs/g1_wbc_low_latency_tuning_20260619/jump_short_sweep/jump/jump_s128_i2_h40_c40_k8_sig0p08_0p18_0p28_seed0,/home/wujs/Projects/BrainStorm/Learning/RL/model-based/spider/outputs/g1_wbc_low_latency_tuning_20260619/jump_short_sweep/jump/jump_s128_i2_h40_c40_k8_sig0p08_0p18_0p28_seed0/metrics.json,/home/wujs/Projects/BrainStorm/Learning/RL/model-based/g1_wbc_testbed_motion_package_20260617/outputs/spider/jump/g1_wbc_joint_global/metrics.json,/home/wujs/Projects/BrainStorm/Learning/RL/model-based/g1_wbc_testbed_motion_package_20260617/input_motions/jump/motion.npz,g1_wbc_joint_global,/home/wujs/Projects/BrainStorm/Learning/RL/model-based/wxy/0608_ckpt_bc/model_8000.pt,cuda:0,120,/home/wujs/Projects/BrainStorm/Learning/RL/model-based/spider/.venv/bin/python -m spider.tasks.g1_wbc.evaluate --motion /home/wujs/Projects/BrainStorm/Learning/RL/model-based/g1_wbc_testbed_motion_package_20260617/input_motions/jump/motion.npz --motion-type isaaclab --checkpoint bc --method g1_wbc_joint_global --max-steps 120 --device cuda:0 --output-dir /home/wujs/Projects/BrainStorm/Learning/RL/model-based/spider/outputs/g1_wbc_low_latency_tuning_20260619/jump_short_sweep/jump/jump_s128_i2_h40_c40_k8_sig0p08_0p18_0p28_seed0 --mpc-preset aggressive --mpc-sampling-mode knot --mpc-knot-count 8 --mpc-samples 128 --mpc-iterations 2 --mpc-planning-horizon-steps 40 --mpc-control-steps 40 --mpc-temperature 0.7 --mpc-root-pos-sigma 0.08 --mpc-root-rot-sigma 0.18 --mpc-joint-sigma 0.28 --mpc-smooth-passes 0 --mpc-command-reg-weight 0.0 --mpc-command-smooth-weight 0.0 --mpc-guided-root-pos-gain 0.50 --mpc-guided-root-rot-gain 0.50 --mpc-guided-joint-gain 0.50 --mpc-guided-root-pos-clip 0.05 --mpc-guided-root-rot-clip 0.12 --mpc-guided-joint-clip 0.35 --mpc-guided-candidate --mpc-acceptance-gate --mpc-reward-weights /home/wujs/Projects/BrainStorm/Learning/RL/model-based/g1_wbc_testbed_motion_package_20260617/metadata/g1_wbc_reward_weights_method_specific_v14_20260612.json --nconmax-per-env 512 --njmax-per-env 2048 --seed 0,,120.0,-0.3788132809102535,True,0.04187098518013954,0.06924796849489212,0.044110510498285294,0.36507448554039,1.2206324338912964,0.04020744934678078,0.07208031415939331,0.010556207969784737,0.07110771536827087,0.03474348783493042,0.09972245246171951,0.018060052767395973,0.10713011771440506,0.04949139803647995,0.18254342675209045,0.020428869873285294,0.19126355648040771,0.008333333767950535,0.004166666883975267,0.004166666883975267,0.01260504312813282,0.004201680887490511,46.993072509765625,158.09934997558594,0.0,0.019505750387907028,0.0,0.0,0.0,0.24955369532108307,0.07577872276306152,30.804445266723633,30.730972290039062,-2.078044440969825,1.6992311600595713,0.04248392954468727,-0.0006129443645477295,0.05304131656885147,-0.012833867222070694,0.06079898029565811,-0.02605549246072769,0.03966686874628067,-0.021606815978884697,0.35499998927116394,-0.3466666555032134,0.3372446894645691,-0.26146596670150757,191.8719940185547,-161.06754875183105,aggressive,128,2,40,40,knot,8,0.125,0.7,0.08,0.18,0.28,0.002,0.004,0.008,0.75,0,0.0,0.0,/home/wujs/Projects/BrainStorm/Learning/RL/model-based/g1_wbc_testbed_motion_package_20260617/metadata/g1_wbc_reward_weights_method_specific_v14_20260612.json,True,True,-8.770486831665039,-5.499497890472412,True,False,3,3,-4.107771873474121,-4.826446533203125,0.35,0.5,0.05,0.5,0.12,0.5
